date,regime_code,tickers
2021-02-28,3,"HAVELLS.NS, PERSISTENT.NS, TATASTEEL.NS, KPITTECH.NS, LTTS.NS, ABB.NS, SIEMENS.NS, LT.NS, WIPRO.NS, POLYCAB.NS"
2021-03-31,3,"SBIN.NS, POLYCAB.NS, ABB.NS, JSWSTEEL.NS, AXISBANK.NS, ICICIBANK.NS, LTTS.NS, LT.NS, BAJFINANCE.NS, ONGC.NS"
2021-04-30,3,"TATASTEEL.NS, SBIN.NS, PERSISTENT.NS, ONGC.NS, LTTS.NS, POLYCAB.NS, ABB.NS, SIEMENS.NS, WIPRO.NS, ICICIBANK.NS"
2021-05-31,4,"KPITTECH.NS, PERSISTENT.NS, JSWSTEEL.NS, TATASTEEL.NS, POLYCAB.NS, SBIN.NS, LTTS.NS, ABB.NS, WIPRO.NS, ONGC.NS, SIEMENS.NS, ICICIBANK.NS, BAJAJ-AUTO.NS, ASIANPAINT.NS, PIDILITIND.NS"
2021-06-30,4,"PERSISTENT.NS, KPITTECH.NS, TATASTEEL.NS, POLYCAB.NS, JSWSTEEL.NS, COFORGE.NS, SBIN.NS, ABB.NS, WIPRO.NS, SIEMENS.NS, INFY.NS, ONGC.NS, DMART.NS, TRENT.NS, MUTHOOTFIN.NS"
2021-07-31,4,"TATASTEEL.NS, PERSISTENT.NS, COFORGE.NS, KPITTECH.NS, JSWSTEEL.NS, SBIN.NS, POLYCAB.NS, DIVISLAB.NS, MUTHOOTFIN.NS, TRENT.NS, SUNPHARMA.NS, NTPC.NS, PIDILITIND.NS, ICICIBANK.NS, WIPRO.NS"
2021-08-31,4,"COFORGE.NS, PERSISTENT.NS, TATASTEEL.NS, JSWSTEEL.NS, TECHM.NS, WIPRO.NS, POLYCAB.NS, DIVISLAB.NS, LTTS.NS, BAJFINANCE.NS, INFY.NS, ASIANPAINT.NS, TITAN.NS, PIDILITIND.NS, SUNPHARMA.NS"
2021-09-30,4,"PERSISTENT.NS, KPITTECH.NS, COFORGE.NS, LTTS.NS, POLYCAB.NS, WIPRO.NS, DMART.NS, BAJFINANCE.NS, JSWSTEEL.NS, COALINDIA.NS, ONGC.NS, TITAN.NS, TECHM.NS, SUNPHARMA.NS, TRENT.NS"
2021-10-31,4,"PERSISTENT.NS, LTTS.NS, TECHM.NS, POLYCAB.NS, ABB.NS, SBIN.NS, BAJFINANCE.NS, LT.NS, NTPC.NS, ICICIBANK.NS, WIPRO.NS, TATASTEEL.NS, TRENT.NS, PIDILITIND.NS, RELIANCE.NS"
2021-11-30,3,"LTTS.NS, PERSISTENT.NS, TECHM.NS, COFORGE.NS, DMART.NS, TITAN.NS, POLYCAB.NS, HAVELLS.NS, ONGC.NS, INFY.NS"
2021-12-31,3,"LTTS.NS, TECHM.NS, PERSISTENT.NS, TITAN.NS, HAVELLS.NS, DMART.NS, COFORGE.NS, HCLTECH.NS, WIPRO.NS, LT.NS"
2022-01-31,2,"ONGC.NS, INDHOTEL.NS, PERSISTENT.NS, TITAN.NS, POLYCAB.NS, ABB.NS, POWERGRID.NS, SBIN.NS, NTPC.NS, MARUTI.NS"
2022-02-28,0,
2022-03-31,4,"KPITTECH.NS, PERSISTENT.NS, INDHOTEL.NS, TRENT.NS, POWERGRID.NS, ABB.NS, TITAN.NS, INFY.NS, SUNPHARMA.NS, SIEMENS.NS, TECHM.NS, ITC.NS, SBIN.NS, JSWSTEEL.NS, COALINDIA.NS"
2022-04-30,1,
2022-05-31,1,
2022-06-30,1,
2022-07-31,4,"ITC.NS, COALINDIA.NS, INDHOTEL.NS, TRENT.NS, ABB.NS, EICHERMOT.NS, SIEMENS.NS, BAJAJ-AUTO.NS, HINDUNILVR.NS, SUNPHARMA.NS, NTPC.NS, BRITANNIA.NS, DABUR.NS, HAVELLS.NS, HEROMOTOCO.NS"
2022-08-31,3,"ITC.NS, ABB.NS, COALINDIA.NS, INDHOTEL.NS, TRENT.NS, EICHERMOT.NS, NTPC.NS, HINDUNILVR.NS, ICICIBANK.NS, BAJAJ-AUTO.NS"
2022-09-30,3,"EICHERMOT.NS, ABB.NS, INDHOTEL.NS, ITC.NS, HINDUNILVR.NS, BRITANNIA.NS, NTPC.NS, ICICIBANK.NS, HAVELLS.NS, COALINDIA.NS"
2022-10-31,4,"EICHERMOT.NS, ABB.NS, ITC.NS, COALINDIA.NS, INDHOTEL.NS, SIEMENS.NS, KPITTECH.NS, TRENT.NS, MARUTI.NS, AXISBANK.NS, ICICIBANK.NS, LT.NS, CIPLA.NS, BRITANNIA.NS, SBIN.NS"
2022-11-30,4,"JSWSTEEL.NS, INDHOTEL.NS, KPITTECH.NS, AXISBANK.NS, TRENT.NS, SBIN.NS, ICICIBANK.NS, LT.NS, COALINDIA.NS, ITC.NS, EICHERMOT.NS, PIDILITIND.NS, ABB.NS, SUNPHARMA.NS, BRITANNIA.NS"
2022-12-31,4,"AXISBANK.NS, INDHOTEL.NS, JSWSTEEL.NS, LT.NS, KPITTECH.NS, TITAN.NS, SBIN.NS, COALINDIA.NS, TATASTEEL.NS, ICICIBANK.NS, BRITANNIA.NS, PIDILITIND.NS, BAJFINANCE.NS, LTTS.NS, ITC.NS"
2023-01-31,3,"KPITTECH.NS, PERSISTENT.NS, POLYCAB.NS, HCLTECH.NS, LT.NS, ITC.NS, ONGC.NS, COALINDIA.NS, NTPC.NS, INDHOTEL.NS"
2023-02-28,3,"KPITTECH.NS, PERSISTENT.NS, POLYCAB.NS, COFORGE.NS, ITC.NS, BRITANNIA.NS, ONGC.NS, HCLTECH.NS, SIEMENS.NS, LT.NS"
2023-03-31,3,"PERSISTENT.NS, ONGC.NS, SIEMENS.NS, HCLTECH.NS, LT.NS, AXISBANK.NS, ITC.NS, HDFCBANK.NS, POWERGRID.NS, NTPC.NS"
2023-04-30,3,"ONGC.NS, ITC.NS, BRITANNIA.NS, PERSISTENT.NS, SIEMENS.NS, BAJAJ-AUTO.NS, LT.NS, AUROPHARMA.NS, HDFCBANK.NS, POLYCAB.NS"
2023-05-31,4,"KPITTECH.NS, AUROPHARMA.NS, ITC.NS, POLYCAB.NS, ABB.NS, PERSISTENT.NS, SIEMENS.NS, BAJAJ-AUTO.NS, INDHOTEL.NS, COFORGE.NS, ONGC.NS, BRITANNIA.NS, NESTLEIND.NS, TITAN.NS, TRENT.NS"
2023-06-30,4,"AUROPHARMA.NS, ABB.NS, KPITTECH.NS, ITC.NS, POLYCAB.NS, BAJAJ-AUTO.NS, SIEMENS.NS, TRENT.NS, PERSISTENT.NS, INDHOTEL.NS, POWERGRID.NS, COFORGE.NS, TITAN.NS, DRREDDY.NS, MUTHOOTFIN.NS"
2023-07-31,4,"AUROPHARMA.NS, POLYCAB.NS, ABB.NS, KPITTECH.NS, TRENT.NS, ITC.NS, BAJAJ-AUTO.NS, INDHOTEL.NS, DRREDDY.NS, NTPC.NS, SIEMENS.NS, MUTHOOTFIN.NS, TITAN.NS, BAJFINANCE.NS, POWERGRID.NS"
2023-08-31,4,"AUROPHARMA.NS, POLYCAB.NS, TRENT.NS, KPITTECH.NS, ABB.NS, MUTHOOTFIN.NS, INDHOTEL.NS, CIPLA.NS, BAJAJ-AUTO.NS, TITAN.NS, NTPC.NS, LT.NS, DRREDDY.NS, COFORGE.NS, DIVISLAB.NS"
2023-09-30,4,"POLYCAB.NS, AUROPHARMA.NS, TRENT.NS, NTPC.NS, LT.NS, COFORGE.NS, COALINDIA.NS, BAJFINANCE.NS, LTTS.NS, BAJAJ-AUTO.NS, HEROMOTOCO.NS, DIVISLAB.NS, CIPLA.NS, INDHOTEL.NS, MUTHOOTFIN.NS"
2023-10-31,3,"TRENT.NS, POLYCAB.NS, AUROPHARMA.NS, NTPC.NS, COALINDIA.NS, CIPLA.NS, PERSISTENT.NS, KPITTECH.NS, MUTHOOTFIN.NS, HEROMOTOCO.NS"
2023-11-30,4,"TRENT.NS, AUROPHARMA.NS, POLYCAB.NS, NTPC.NS, COALINDIA.NS, LT.NS, HEROMOTOCO.NS, BAJAJ-AUTO.NS, MUTHOOTFIN.NS, COFORGE.NS, DRREDDY.NS, SUNPHARMA.NS, PERSISTENT.NS, ONGC.NS, CIPLA.NS"
2023-12-31,4,"BSE.NS, ANANDRATHI.NS, SUZLON.NS, KALYANKJIL.NS, GMDCLTD.NS, DBREALTY.NS, NEWGEN.NS, BHEL.NS, GVT&D.NS, JYOTHYLAB.NS, TECHNOE.NS, WELCORP.NS, BSOFT.NS, TITAGARH.NS, NMDC.NS"
2024-01-31,4,"BSE.NS, SWANCORP.NS, GVT&D.NS, ANANDRATHI.NS, GMDCLTD.NS, RAILTEL.NS, SUZLON.NS, HINDCOPPER.NS, ADANIPOWER.NS, PFC.NS, BSOFT.NS, MAHSEAMLES.NS, JKTYRE.NS, MCX.NS, NEWGEN.NS"
2024-02-29,4,"GVT&D.NS, BSE.NS, ANANDRATHI.NS, COCHINSHIP.NS, BHEL.NS, PRESTIGE.NS, COALINDIA.NS, JKTYRE.NS, KIRLOSENG.NS, NETWEB.NS, PNB.NS, NMDC.NS, ADANIGREEN.NS, SUZLON.NS, MEDANTA.NS"
2024-03-31,4,"ANANDRATHI.NS, OFSS.NS, KALYANKJIL.NS, PRESTIGE.NS, TRENT.NS, IOC.NS, MEDANTA.NS, MCX.NS, HINDPETRO.NS, BAJAJ-AUTO.NS, ETERNAL.NS, BPCL.NS, CUMMINSIND.NS, BDL.NS, DLF.NS"
2024-04-30,4,"INOXWIND.NS, GVT&D.NS, MRPL.NS, WOCKPHARMA.NS, SOBHA.NS, BHEL.NS, SIGNATURE.NS, TRENT.NS, IRFC.NS, EIHOTEL.NS, HAL.NS, IRB.NS, NATIONALUM.NS, TORNTPOWER.NS, NUVAMA.NS"
2024-05-31,3,"FORCEMOT.NS, HINDCOPPER.NS, OIL.NS, BEL.NS, NATIONALUM.NS, THERMAX.NS, ADANIGREEN.NS, NHPC.NS, ATGL.NS, ABB.NS"
2024-06-30,4,"KIRLOSENG.NS, MOTHERSON.NS, GODFRYPHLP.NS, TRENT.NS, POLICYBZR.NS, THERMAX.NS, BLUESTARCO.NS, M&M.NS, CHOICEIN.NS, MRPL.NS, WOCKPHARMA.NS, TORNTPOWER.NS, PHOENIXLTD.NS, HONAUT.NS, ETERNAL.NS"
2024-07-31,4,"FORCEMOT.NS, JYOTICNC.NS, GVT&D.NS, TARIL.NS, HINDZINC.NS, BASF.NS, TECHNOE.NS, DIXON.NS, ARE&M.NS, POWERINDIA.NS, PTCIL.NS, INDUSTOWER.NS, KPIL.NS, 360ONE.NS, SCHNEIDER.NS"
2024-08-31,4,"TARIL.NS, TECHNOE.NS, LTFOODS.NS, GLENMARK.NS, DIXON.NS, INDUSTOWER.NS, NAVA.NS, ARE&M.NS, VEDL.NS, UNOMINDA.NS, PTCIL.NS, EMAMILTD.NS, WHIRLPOOL.NS, MOTHERSON.NS, ABREL.NS"
2024-09-30,4,"PGEL.NS, BASF.NS, ANANTRAJ.NS, DEEPAKFERT.NS, TECHNOE.NS, PCBL.NS, SARDAEN.NS, HSCL.NS, SUZLON.NS, POWERINDIA.NS, VEDL.NS, GVT&D.NS, TRENT.NS, NEULANDLAB.NS, PTCIL.NS"
2024-10-31,3,"KAYNES.NS, POLYMED.NS, INDIACEM.NS, BHARTIHEXA.NS, GLENMARK.NS, KALYANKJIL.NS, BIKAJI.NS, MCX.NS, BALRAMCHIN.NS, CHOICEIN.NS"
2024-11-30,3,"DEEPAKFERT.NS, ZENTEC.NS, SARDAEN.NS, FSL.NS, LTFOODS.NS, KALYANKJIL.NS, BSE.NS, INDIACEM.NS, COFORGE.NS, JMFINANCIL.NS"
2024-12-31,3,"PAYTM.NS, SARDAEN.NS, ANANTRAJ.NS, ZENTEC.NS, KAYNES.NS, COFORGE.NS, FSL.NS, DEEPAKFERT.NS, PCBL.NS, CAPLIPOINT.NS"
2025-01-31,1,
2025-02-28,2,"SARDAEN.NS, BAJFINANCE.NS, NAVINFLUOR.NS, NH.NS, SBICARD.NS, FSL.NS, BAJAJHLDNG.NS, SRF.NS, MUTHOOTFIN.NS, SHREECEM.NS"
2025-03-31,3,"BLUEJET.NS, LAURUSLABS.NS, NAVINFLUOR.NS, SRF.NS, COROMANDEL.NS, CHAMBLFERT.NS, ASTRAZEN.NS, BAJAJHLDNG.NS, RADICO.NS, ASTERDM.NS"
2025-04-30,3,"MANAPPURAM.NS, CHAMBLFERT.NS, BDL.NS, NH.NS, FORCEMOT.NS, COROMANDEL.NS, NAVINFLUOR.NS, SRF.NS, CHOICEIN.NS, UPL.NS"
2025-05-31,4,"BLUEJET.NS, INTELLECT.NS, SOLARINDS.NS, MANAPPURAM.NS, LLOYDSME.NS, BHARTIHEXA.NS, NH.NS, BAJFINANCE.NS, RBLBANK.NS, CHOICEIN.NS, JKCEMENT.NS, SBICARD.NS, SBFC.NS, COROMANDEL.NS, ADANIENSOL.NS"
2025-06-30,4,"SOLARINDS.NS, GODFRYPHLP.NS, NH.NS, BDL.NS, REDINGTON.NS, BLUEJET.NS, BSE.NS, RBLBANK.NS, AIIL.NS, CHOLAHLDNG.NS, LTF.NS, ABCAPITAL.NS, MAHSCOOTER.NS, GLAXO.NS, MANAPPURAM.NS"
2025-07-31,4,"MAHSCOOTER.NS, RBLBANK.NS, GVT&D.NS, AIIL.NS, GLAXO.NS, LAURUSLABS.NS, CRAFTSMAN.NS, ERIS.NS, HDFCAMC.NS, SCHNEIDER.NS, EIDPARRY.NS, COROMANDEL.NS, SYRMA.NS, CHOICEIN.NS, JMFINANCIL.NS"
2025-08-31,3,"AIIL.NS, GVT&D.NS, ABCAPITAL.NS, SYRMA.NS, DELHIVERY.NS, CRAFTSMAN.NS, MAHSCOOTER.NS, CHOICEIN.NS, LTF.NS, POWERINDIA.NS"
2025-09-30,3,"GVT&D.NS, AIIL.NS, DELHIVERY.NS, HBLENGINE.NS, SYRMA.NS, LTF.NS, ETERNAL.NS, RBLBANK.NS, ABCAPITAL.NS, MAHSCOOTER.NS"
2025-10-31,4,"HBLENGINE.NS, GMDCLTD.NS, GVT&D.NS, ECLERX.NS, ANANDRATHI.NS, FORCEMOT.NS, SYRMA.NS, LTF.NS, ABCAPITAL.NS, RBLBANK.NS, HINDCOPPER.NS, SAMMAANCAP.NS, USHAMART.NS, LAURUSLABS.NS, GPIL.NS"
2025-11-30,4,"LTF.NS, LAURUSLABS.NS, MUTHOOTFIN.NS, ABCAPITAL.NS, AGARWALEYE.NS, ANANDRATHI.NS, MCX.NS, SYRMA.NS, NEULANDLAB.NS, PAYTM.NS, RBLBANK.NS, NATIONALUM.NS, HEROMOTOCO.NS, M&MFIN.NS, INDIANB.NS"
2025-12-31,4,"ATHERENERG.NS, NATIONALUM.NS, M&MFIN.NS, LTF.NS, LAURUSLABS.NS, ANANDRATHI.NS, HBLENGINE.NS, MUTHOOTFIN.NS, SHRIRAMFIN.NS, GPIL.NS, ASHOKLEY.NS, JKTYRE.NS, PAYTM.NS, FORCEMOT.NS, HEROMOTOCO.NS"
2026-01-31,3,"SHRIRAMFIN.NS, ASHOKLEY.NS, JKTYRE.NS, INDIANB.NS, CUB.NS, M&MFIN.NS, MUTHOOTFIN.NS, BANKINDIA.NS, LTF.NS, FEDERALBNK.NS"
2026-02-28,3,"NATIONALUM.NS, SHRIRAMFIN.NS, NETWEB.NS, VEDL.NS, BHARATFORG.NS, ASHOKLEY.NS, UNIONBANK.NS, MRPL.NS, BANKINDIA.NS, FEDERALBNK.NS"
