date,FII_Net,DII_Net,FII_Monthly,DII_Monthly,Month
2019-01-01,5.55,93.34,127.67,2146.87,Jan-19
2019-01-02,5.55,93.34,127.67,2146.87,Jan-19
2019-01-03,5.55,93.34,127.67,2146.87,Jan-19
2019-01-04,5.55,93.34,127.67,2146.87,Jan-19
2019-01-07,5.55,93.34,127.67,2146.87,Jan-19
2019-01-08,5.55,93.34,127.67,2146.87,Jan-19
2019-01-09,5.55,93.34,127.67,2146.87,Jan-19
2019-01-10,5.55,93.34,127.67,2146.87,Jan-19
2019-01-11,5.55,93.34,127.67,2146.87,Jan-19
2019-01-14,5.55,93.34,127.67,2146.87,Jan-19
2019-01-15,5.55,93.34,127.67,2146.87,Jan-19
2019-01-16,5.55,93.34,127.67,2146.87,Jan-19
2019-01-17,5.55,93.34,127.67,2146.87,Jan-19
2019-01-18,5.55,93.34,127.67,2146.87,Jan-19
2019-01-21,5.55,93.34,127.67,2146.87,Jan-19
2019-01-22,5.55,93.34,127.67,2146.87,Jan-19
2019-01-23,5.55,93.34,127.67,2146.87,Jan-19
2019-01-24,5.55,93.34,127.67,2146.87,Jan-19
2019-01-25,5.55,93.34,127.67,2146.87,Jan-19
2019-01-28,5.55,93.34,127.67,2146.87,Jan-19
2019-01-29,5.55,93.34,127.67,2146.87,Jan-19
2019-01-30,5.55,93.34,127.67,2146.87,Jan-19
2019-01-31,5.55,93.34,127.67,2146.87,Jan-19
2019-02-01,678.23,-28.29,13564.57,-565.89,Feb-19
2019-02-04,678.23,-28.29,13564.57,-565.89,Feb-19
2019-02-05,678.23,-28.29,13564.57,-565.89,Feb-19
2019-02-06,678.23,-28.29,13564.57,-565.89,Feb-19
2019-02-07,678.23,-28.29,13564.57,-565.89,Feb-19
2019-02-08,678.23,-28.29,13564.57,-565.89,Feb-19
2019-02-11,678.23,-28.29,13564.57,-565.89,Feb-19
2019-02-12,678.23,-28.29,13564.57,-565.89,Feb-19
2019-02-13,678.23,-28.29,13564.57,-565.89,Feb-19
2019-02-14,678.23,-28.29,13564.57,-565.89,Feb-19
2019-02-15,678.23,-28.29,13564.57,-565.89,Feb-19
2019-02-18,678.23,-28.29,13564.57,-565.89,Feb-19
2019-02-19,678.23,-28.29,13564.57,-565.89,Feb-19
2019-02-20,678.23,-28.29,13564.57,-565.89,Feb-19
2019-02-21,678.23,-28.29,13564.57,-565.89,Feb-19
2019-02-22,678.23,-28.29,13564.57,-565.89,Feb-19
2019-02-25,678.23,-28.29,13564.57,-565.89,Feb-19
2019-02-26,678.23,-28.29,13564.57,-565.89,Feb-19
2019-02-27,678.23,-28.29,13564.57,-565.89,Feb-19
2019-02-28,678.23,-28.29,13564.57,-565.89,Feb-19
2019-03-01,1541.5,-663.35,32371.43,-13930.25,Mar-19
2019-03-04,1541.5,-663.35,32371.43,-13930.25,Mar-19
2019-03-05,1541.5,-663.35,32371.43,-13930.25,Mar-19
2019-03-06,1541.5,-663.35,32371.43,-13930.25,Mar-19
2019-03-07,1541.5,-663.35,32371.43,-13930.25,Mar-19
2019-03-08,1541.5,-663.35,32371.43,-13930.25,Mar-19
2019-03-11,1541.5,-663.35,32371.43,-13930.25,Mar-19
2019-03-12,1541.5,-663.35,32371.43,-13930.25,Mar-19
2019-03-13,1541.5,-663.35,32371.43,-13930.25,Mar-19
2019-03-14,1541.5,-663.35,32371.43,-13930.25,Mar-19
2019-03-15,1541.5,-663.35,32371.43,-13930.25,Mar-19
2019-03-18,1541.5,-663.35,32371.43,-13930.25,Mar-19
2019-03-19,1541.5,-663.35,32371.43,-13930.25,Mar-19
2019-03-20,1541.5,-663.35,32371.43,-13930.25,Mar-19
2019-03-21,1541.5,-663.35,32371.43,-13930.25,Mar-19
2019-03-22,1541.5,-663.35,32371.43,-13930.25,Mar-19
2019-03-25,1541.5,-663.35,32371.43,-13930.25,Mar-19
2019-03-26,1541.5,-663.35,32371.43,-13930.25,Mar-19
2019-03-27,1541.5,-663.35,32371.43,-13930.25,Mar-19
2019-03-28,1541.5,-663.35,32371.43,-13930.25,Mar-19
2019-03-29,1541.5,-663.35,32371.43,-13930.25,Mar-19
2019-04-01,579.52,-191.79,12749.55,-4219.46,Apr-19
2019-04-02,579.52,-191.79,12749.55,-4219.46,Apr-19
2019-04-03,579.52,-191.79,12749.55,-4219.46,Apr-19
2019-04-04,579.52,-191.79,12749.55,-4219.46,Apr-19
2019-04-05,579.52,-191.79,12749.55,-4219.46,Apr-19
2019-04-08,579.52,-191.79,12749.55,-4219.46,Apr-19
2019-04-09,579.52,-191.79,12749.55,-4219.46,Apr-19
2019-04-10,579.52,-191.79,12749.55,-4219.46,Apr-19
2019-04-11,579.52,-191.79,12749.55,-4219.46,Apr-19
2019-04-12,579.52,-191.79,12749.55,-4219.46,Apr-19
2019-04-15,579.52,-191.79,12749.55,-4219.46,Apr-19
2019-04-16,579.52,-191.79,12749.55,-4219.46,Apr-19
2019-04-17,579.52,-191.79,12749.55,-4219.46,Apr-19
2019-04-18,579.52,-191.79,12749.55,-4219.46,Apr-19
2019-04-19,579.52,-191.79,12749.55,-4219.46,Apr-19
2019-04-22,579.52,-191.79,12749.55,-4219.46,Apr-19
2019-04-23,579.52,-191.79,12749.55,-4219.46,Apr-19
2019-04-24,579.52,-191.79,12749.55,-4219.46,Apr-19
2019-04-25,579.52,-191.79,12749.55,-4219.46,Apr-19
2019-04-26,579.52,-191.79,12749.55,-4219.46,Apr-19
2019-04-29,579.52,-191.79,12749.55,-4219.46,Apr-19
2019-04-30,579.52,-191.79,12749.55,-4219.46,Apr-19
2019-05-01,-92.86,231.15,-2135.85,5316.34,May-19
2019-05-02,-92.86,231.15,-2135.85,5316.34,May-19
2019-05-03,-92.86,231.15,-2135.85,5316.34,May-19
2019-05-06,-92.86,231.15,-2135.85,5316.34,May-19
2019-05-07,-92.86,231.15,-2135.85,5316.34,May-19
2019-05-08,-92.86,231.15,-2135.85,5316.34,May-19
2019-05-09,-92.86,231.15,-2135.85,5316.34,May-19
2019-05-10,-92.86,231.15,-2135.85,5316.34,May-19
2019-05-13,-92.86,231.15,-2135.85,5316.34,May-19
2019-05-14,-92.86,231.15,-2135.85,5316.34,May-19
2019-05-15,-92.86,231.15,-2135.85,5316.34,May-19
2019-05-16,-92.86,231.15,-2135.85,5316.34,May-19
2019-05-17,-92.86,231.15,-2135.85,5316.34,May-19
2019-05-20,-92.86,231.15,-2135.85,5316.34,May-19
2019-05-21,-92.86,231.15,-2135.85,5316.34,May-19
2019-05-22,-92.86,231.15,-2135.85,5316.34,May-19
2019-05-23,-92.86,231.15,-2135.85,5316.34,May-19
2019-05-24,-92.86,231.15,-2135.85,5316.34,May-19
2019-05-27,-92.86,231.15,-2135.85,5316.34,May-19
2019-05-28,-92.86,231.15,-2135.85,5316.34,May-19
2019-05-29,-92.86,231.15,-2135.85,5316.34,May-19
2019-05-30,-92.86,231.15,-2135.85,5316.34,May-19
2019-05-31,-92.86,231.15,-2135.85,5316.34,May-19
2019-06-03,-34.42,182.17,-688.5,3643.31,Jun-19
2019-06-04,-34.42,182.17,-688.5,3643.31,Jun-19
2019-06-05,-34.42,182.17,-688.5,3643.31,Jun-19
2019-06-06,-34.42,182.17,-688.5,3643.31,Jun-19
2019-06-07,-34.42,182.17,-688.5,3643.31,Jun-19
2019-06-10,-34.42,182.17,-688.5,3643.31,Jun-19
2019-06-11,-34.42,182.17,-688.5,3643.31,Jun-19
2019-06-12,-34.42,182.17,-688.5,3643.31,Jun-19
2019-06-13,-34.42,182.17,-688.5,3643.31,Jun-19
2019-06-14,-34.42,182.17,-688.5,3643.31,Jun-19
2019-06-17,-34.42,182.17,-688.5,3643.31,Jun-19
2019-06-18,-34.42,182.17,-688.5,3643.31,Jun-19
2019-06-19,-34.42,182.17,-688.5,3643.31,Jun-19
2019-06-20,-34.42,182.17,-688.5,3643.31,Jun-19
2019-06-21,-34.42,182.17,-688.5,3643.31,Jun-19
2019-06-24,-34.42,182.17,-688.5,3643.31,Jun-19
2019-06-25,-34.42,182.17,-688.5,3643.31,Jun-19
2019-06-26,-34.42,182.17,-688.5,3643.31,Jun-19
2019-06-27,-34.42,182.17,-688.5,3643.31,Jun-19
2019-06-28,-34.42,182.17,-688.5,3643.31,Jun-19
2019-07-01,-733.48,886.72,-16870.13,20394.52,Jul-19
2019-07-02,-733.48,886.72,-16870.13,20394.52,Jul-19
2019-07-03,-733.48,886.72,-16870.13,20394.52,Jul-19
2019-07-04,-733.48,886.72,-16870.13,20394.52,Jul-19
2019-07-05,-733.48,886.72,-16870.13,20394.52,Jul-19
2019-07-08,-733.48,886.72,-16870.13,20394.52,Jul-19
2019-07-09,-733.48,886.72,-16870.13,20394.52,Jul-19
2019-07-10,-733.48,886.72,-16870.13,20394.52,Jul-19
2019-07-11,-733.48,886.72,-16870.13,20394.52,Jul-19
2019-07-12,-733.48,886.72,-16870.13,20394.52,Jul-19
2019-07-15,-733.48,886.72,-16870.13,20394.52,Jul-19
2019-07-16,-733.48,886.72,-16870.13,20394.52,Jul-19
2019-07-17,-733.48,886.72,-16870.13,20394.52,Jul-19
2019-07-18,-733.48,886.72,-16870.13,20394.52,Jul-19
2019-07-19,-733.48,886.72,-16870.13,20394.52,Jul-19
2019-07-22,-733.48,886.72,-16870.13,20394.52,Jul-19
2019-07-23,-733.48,886.72,-16870.13,20394.52,Jul-19
2019-07-24,-733.48,886.72,-16870.13,20394.52,Jul-19
2019-07-25,-733.48,886.72,-16870.13,20394.52,Jul-19
2019-07-26,-733.48,886.72,-16870.13,20394.52,Jul-19
2019-07-29,-733.48,886.72,-16870.13,20394.52,Jul-19
2019-07-30,-733.48,886.72,-16870.13,20394.52,Jul-19
2019-07-31,-733.48,886.72,-16870.13,20394.52,Jul-19
2019-08-01,-674.03,951.53,-14828.76,20933.59,Aug-19
2019-08-02,-674.03,951.53,-14828.76,20933.59,Aug-19
2019-08-05,-674.03,951.53,-14828.76,20933.59,Aug-19
2019-08-06,-674.03,951.53,-14828.76,20933.59,Aug-19
2019-08-07,-674.03,951.53,-14828.76,20933.59,Aug-19
2019-08-08,-674.03,951.53,-14828.76,20933.59,Aug-19
2019-08-09,-674.03,951.53,-14828.76,20933.59,Aug-19
2019-08-12,-674.03,951.53,-14828.76,20933.59,Aug-19
2019-08-13,-674.03,951.53,-14828.76,20933.59,Aug-19
2019-08-14,-674.03,951.53,-14828.76,20933.59,Aug-19
2019-08-15,-674.03,951.53,-14828.76,20933.59,Aug-19
2019-08-16,-674.03,951.53,-14828.76,20933.59,Aug-19
2019-08-19,-674.03,951.53,-14828.76,20933.59,Aug-19
2019-08-20,-674.03,951.53,-14828.76,20933.59,Aug-19
2019-08-21,-674.03,951.53,-14828.76,20933.59,Aug-19
2019-08-22,-674.03,951.53,-14828.76,20933.59,Aug-19
2019-08-23,-674.03,951.53,-14828.76,20933.59,Aug-19
2019-08-26,-674.03,951.53,-14828.76,20933.59,Aug-19
2019-08-27,-674.03,951.53,-14828.76,20933.59,Aug-19
2019-08-28,-674.03,951.53,-14828.76,20933.59,Aug-19
2019-08-29,-674.03,951.53,-14828.76,20933.59,Aug-19
2019-08-30,-674.03,951.53,-14828.76,20933.59,Aug-19
2019-09-02,-315.43,594.8,-6624.05,12490.81,Sep-19
2019-09-03,-315.43,594.8,-6624.05,12490.81,Sep-19
2019-09-04,-315.43,594.8,-6624.05,12490.81,Sep-19
2019-09-05,-315.43,594.8,-6624.05,12490.81,Sep-19
2019-09-06,-315.43,594.8,-6624.05,12490.81,Sep-19
2019-09-09,-315.43,594.8,-6624.05,12490.81,Sep-19
2019-09-10,-315.43,594.8,-6624.05,12490.81,Sep-19
2019-09-11,-315.43,594.8,-6624.05,12490.81,Sep-19
2019-09-12,-315.43,594.8,-6624.05,12490.81,Sep-19
2019-09-13,-315.43,594.8,-6624.05,12490.81,Sep-19
2019-09-16,-315.43,594.8,-6624.05,12490.81,Sep-19
2019-09-17,-315.43,594.8,-6624.05,12490.81,Sep-19
2019-09-18,-315.43,594.8,-6624.05,12490.81,Sep-19
2019-09-19,-315.43,594.8,-6624.05,12490.81,Sep-19
2019-09-20,-315.43,594.8,-6624.05,12490.81,Sep-19
2019-09-23,-315.43,594.8,-6624.05,12490.81,Sep-19
2019-09-24,-315.43,594.8,-6624.05,12490.81,Sep-19
2019-09-25,-315.43,594.8,-6624.05,12490.81,Sep-19
2019-09-26,-315.43,594.8,-6624.05,12490.81,Sep-19
2019-09-27,-315.43,594.8,-6624.05,12490.81,Sep-19
2019-09-30,-315.43,594.8,-6624.05,12490.81,Sep-19
2019-10-01,373.72,206.89,8595.66,4758.48,Oct-19
2019-10-02,373.72,206.89,8595.66,4758.48,Oct-19
2019-10-03,373.72,206.89,8595.66,4758.48,Oct-19
2019-10-04,373.72,206.89,8595.66,4758.48,Oct-19
2019-10-07,373.72,206.89,8595.66,4758.48,Oct-19
2019-10-08,373.72,206.89,8595.66,4758.48,Oct-19
2019-10-09,373.72,206.89,8595.66,4758.48,Oct-19
2019-10-10,373.72,206.89,8595.66,4758.48,Oct-19
2019-10-11,373.72,206.89,8595.66,4758.48,Oct-19
2019-10-14,373.72,206.89,8595.66,4758.48,Oct-19
2019-10-15,373.72,206.89,8595.66,4758.48,Oct-19
2019-10-16,373.72,206.89,8595.66,4758.48,Oct-19
2019-10-17,373.72,206.89,8595.66,4758.48,Oct-19
2019-10-18,373.72,206.89,8595.66,4758.48,Oct-19
2019-10-21,373.72,206.89,8595.66,4758.48,Oct-19
2019-10-22,373.72,206.89,8595.66,4758.48,Oct-19
2019-10-23,373.72,206.89,8595.66,4758.48,Oct-19
2019-10-24,373.72,206.89,8595.66,4758.48,Oct-19
2019-10-25,373.72,206.89,8595.66,4758.48,Oct-19
2019-10-28,373.72,206.89,8595.66,4758.48,Oct-19
2019-10-29,373.72,206.89,8595.66,4758.48,Oct-19
2019-10-30,373.72,206.89,8595.66,4758.48,Oct-19
2019-10-31,373.72,206.89,8595.66,4758.48,Oct-19
2019-11-01,615.47,-379.54,12924.93,-7970.29,Nov-19
2019-11-04,615.47,-379.54,12924.93,-7970.29,Nov-19
2019-11-05,615.47,-379.54,12924.93,-7970.29,Nov-19
2019-11-06,615.47,-379.54,12924.93,-7970.29,Nov-19
2019-11-07,615.47,-379.54,12924.93,-7970.29,Nov-19
2019-11-08,615.47,-379.54,12924.93,-7970.29,Nov-19
2019-11-11,615.47,-379.54,12924.93,-7970.29,Nov-19
2019-11-12,615.47,-379.54,12924.93,-7970.29,Nov-19
2019-11-13,615.47,-379.54,12924.93,-7970.29,Nov-19
2019-11-14,615.47,-379.54,12924.93,-7970.29,Nov-19
2019-11-15,615.47,-379.54,12924.93,-7970.29,Nov-19
2019-11-18,615.47,-379.54,12924.93,-7970.29,Nov-19
2019-11-19,615.47,-379.54,12924.93,-7970.29,Nov-19
2019-11-20,615.47,-379.54,12924.93,-7970.29,Nov-19
2019-11-21,615.47,-379.54,12924.93,-7970.29,Nov-19
2019-11-22,615.47,-379.54,12924.93,-7970.29,Nov-19
2019-11-25,615.47,-379.54,12924.93,-7970.29,Nov-19
2019-11-26,615.47,-379.54,12924.93,-7970.29,Nov-19
2019-11-27,615.47,-379.54,12924.93,-7970.29,Nov-19
2019-11-28,615.47,-379.54,12924.93,-7970.29,Nov-19
2019-11-29,615.47,-379.54,12924.93,-7970.29,Nov-19
2019-12-02,31.55,-33.67,694.12,-740.76,Dec-19
2019-12-03,31.55,-33.67,694.12,-740.76,Dec-19
2019-12-04,31.55,-33.67,694.12,-740.76,Dec-19
2019-12-05,31.55,-33.67,694.12,-740.76,Dec-19
2019-12-06,31.55,-33.67,694.12,-740.76,Dec-19
2019-12-09,31.55,-33.67,694.12,-740.76,Dec-19
2019-12-10,31.55,-33.67,694.12,-740.76,Dec-19
2019-12-11,31.55,-33.67,694.12,-740.76,Dec-19
2019-12-12,31.55,-33.67,694.12,-740.76,Dec-19
2019-12-13,31.55,-33.67,694.12,-740.76,Dec-19
2019-12-16,31.55,-33.67,694.12,-740.76,Dec-19
2019-12-17,31.55,-33.67,694.12,-740.76,Dec-19
2019-12-18,31.55,-33.67,694.12,-740.76,Dec-19
2019-12-19,31.55,-33.67,694.12,-740.76,Dec-19
2019-12-20,31.55,-33.67,694.12,-740.76,Dec-19
2019-12-23,31.55,-33.67,694.12,-740.76,Dec-19
2019-12-24,31.55,-33.67,694.12,-740.76,Dec-19
2019-12-25,31.55,-33.67,694.12,-740.76,Dec-19
2019-12-26,31.55,-33.67,694.12,-740.76,Dec-19
2019-12-27,31.55,-33.67,694.12,-740.76,Dec-19
2019-12-30,31.55,-33.67,694.12,-740.76,Dec-19
2019-12-31,31.55,-33.67,694.12,-740.76,Dec-19
2020-01-01,-233.02,46.67,-5359.51,1073.49,Jan-20
2020-01-02,-233.02,46.67,-5359.51,1073.49,Jan-20
2020-01-03,-233.02,46.67,-5359.51,1073.49,Jan-20
2020-01-06,-233.02,46.67,-5359.51,1073.49,Jan-20
2020-01-07,-233.02,46.67,-5359.51,1073.49,Jan-20
2020-01-08,-233.02,46.67,-5359.51,1073.49,Jan-20
2020-01-09,-233.02,46.67,-5359.51,1073.49,Jan-20
2020-01-10,-233.02,46.67,-5359.51,1073.49,Jan-20
2020-01-13,-233.02,46.67,-5359.51,1073.49,Jan-20
2020-01-14,-233.02,46.67,-5359.51,1073.49,Jan-20
2020-01-15,-233.02,46.67,-5359.51,1073.49,Jan-20
2020-01-16,-233.02,46.67,-5359.51,1073.49,Jan-20
2020-01-17,-233.02,46.67,-5359.51,1073.49,Jan-20
2020-01-20,-233.02,46.67,-5359.51,1073.49,Jan-20
2020-01-21,-233.02,46.67,-5359.51,1073.49,Jan-20
2020-01-22,-233.02,46.67,-5359.51,1073.49,Jan-20
2020-01-23,-233.02,46.67,-5359.51,1073.49,Jan-20
2020-01-24,-233.02,46.67,-5359.51,1073.49,Jan-20
2020-01-27,-233.02,46.67,-5359.51,1073.49,Jan-20
2020-01-28,-233.02,46.67,-5359.51,1073.49,Jan-20
2020-01-29,-233.02,46.67,-5359.51,1073.49,Jan-20
2020-01-30,-233.02,46.67,-5359.51,1073.49,Jan-20
2020-01-31,-233.02,46.67,-5359.51,1073.49,Jan-20
2020-02-03,-634.21,846.65,-12684.3,16933.03,Feb-20
2020-02-04,-634.21,846.65,-12684.3,16933.03,Feb-20
2020-02-05,-634.21,846.65,-12684.3,16933.03,Feb-20
2020-02-06,-634.21,846.65,-12684.3,16933.03,Feb-20
2020-02-07,-634.21,846.65,-12684.3,16933.03,Feb-20
2020-02-10,-634.21,846.65,-12684.3,16933.03,Feb-20
2020-02-11,-634.21,846.65,-12684.3,16933.03,Feb-20
2020-02-12,-634.21,846.65,-12684.3,16933.03,Feb-20
2020-02-13,-634.21,846.65,-12684.3,16933.03,Feb-20
2020-02-14,-634.21,846.65,-12684.3,16933.03,Feb-20
2020-02-17,-634.21,846.65,-12684.3,16933.03,Feb-20
2020-02-18,-634.21,846.65,-12684.3,16933.03,Feb-20
2020-02-19,-634.21,846.65,-12684.3,16933.03,Feb-20
2020-02-20,-634.21,846.65,-12684.3,16933.03,Feb-20
2020-02-21,-634.21,846.65,-12684.3,16933.03,Feb-20
2020-02-24,-634.21,846.65,-12684.3,16933.03,Feb-20
2020-02-25,-634.21,846.65,-12684.3,16933.03,Feb-20
2020-02-26,-634.21,846.65,-12684.3,16933.03,Feb-20
2020-02-27,-634.21,846.65,-12684.3,16933.03,Feb-20
2020-02-28,-634.21,846.65,-12684.3,16933.03,Feb-20
2020-03-02,-2991.67,2527.05,-65816.7,55595.18,Mar-20
2020-03-03,-2991.67,2527.05,-65816.7,55595.18,Mar-20
2020-03-04,-2991.67,2527.05,-65816.7,55595.18,Mar-20
2020-03-05,-2991.67,2527.05,-65816.7,55595.18,Mar-20
2020-03-06,-2991.67,2527.05,-65816.7,55595.18,Mar-20
2020-03-09,-2991.67,2527.05,-65816.7,55595.18,Mar-20
2020-03-10,-2991.67,2527.05,-65816.7,55595.18,Mar-20
2020-03-11,-2991.67,2527.05,-65816.7,55595.18,Mar-20
2020-03-12,-2991.67,2527.05,-65816.7,55595.18,Mar-20
2020-03-13,-2991.67,2527.05,-65816.7,55595.18,Mar-20
2020-03-16,-2991.67,2527.05,-65816.7,55595.18,Mar-20
2020-03-17,-2991.67,2527.05,-65816.7,55595.18,Mar-20
2020-03-18,-2991.67,2527.05,-65816.7,55595.18,Mar-20
2020-03-19,-2991.67,2527.05,-65816.7,55595.18,Mar-20
2020-03-20,-2991.67,2527.05,-65816.7,55595.18,Mar-20
2020-03-23,-2991.67,2527.05,-65816.7,55595.18,Mar-20
2020-03-24,-2991.67,2527.05,-65816.7,55595.18,Mar-20
2020-03-25,-2991.67,2527.05,-65816.7,55595.18,Mar-20
2020-03-26,-2991.67,2527.05,-65816.7,55595.18,Mar-20
2020-03-27,-2991.67,2527.05,-65816.7,55595.18,Mar-20
2020-03-30,-2991.67,2527.05,-65816.7,55595.18,Mar-20
2020-03-31,-2991.67,2527.05,-65816.7,55595.18,Mar-20
2020-04-01,-236.75,-5.32,-5208.5,-117.0,Apr-20
2020-04-02,-236.75,-5.32,-5208.5,-117.0,Apr-20
2020-04-03,-236.75,-5.32,-5208.5,-117.0,Apr-20
2020-04-06,-236.75,-5.32,-5208.5,-117.0,Apr-20
2020-04-07,-236.75,-5.32,-5208.5,-117.0,Apr-20
2020-04-08,-236.75,-5.32,-5208.5,-117.0,Apr-20
2020-04-09,-236.75,-5.32,-5208.5,-117.0,Apr-20
2020-04-10,-236.75,-5.32,-5208.5,-117.0,Apr-20
2020-04-13,-236.75,-5.32,-5208.5,-117.0,Apr-20
2020-04-14,-236.75,-5.32,-5208.5,-117.0,Apr-20
2020-04-15,-236.75,-5.32,-5208.5,-117.0,Apr-20
2020-04-16,-236.75,-5.32,-5208.5,-117.0,Apr-20
2020-04-17,-236.75,-5.32,-5208.5,-117.0,Apr-20
2020-04-20,-236.75,-5.32,-5208.5,-117.0,Apr-20
2020-04-21,-236.75,-5.32,-5208.5,-117.0,Apr-20
2020-04-22,-236.75,-5.32,-5208.5,-117.0,Apr-20
2020-04-23,-236.75,-5.32,-5208.5,-117.0,Apr-20
2020-04-24,-236.75,-5.32,-5208.5,-117.0,Apr-20
2020-04-27,-236.75,-5.32,-5208.5,-117.0,Apr-20
2020-04-28,-236.75,-5.32,-5208.5,-117.0,Apr-20
2020-04-29,-236.75,-5.32,-5208.5,-117.0,Apr-20
2020-04-30,-236.75,-5.32,-5208.5,-117.0,Apr-20
2020-05-01,662.59,585.39,13914.49,12293.19,May-20
2020-05-04,662.59,585.39,13914.49,12293.19,May-20
2020-05-05,662.59,585.39,13914.49,12293.19,May-20
2020-05-06,662.59,585.39,13914.49,12293.19,May-20
2020-05-07,662.59,585.39,13914.49,12293.19,May-20
2020-05-08,662.59,585.39,13914.49,12293.19,May-20
2020-05-11,662.59,585.39,13914.49,12293.19,May-20
2020-05-12,662.59,585.39,13914.49,12293.19,May-20
2020-05-13,662.59,585.39,13914.49,12293.19,May-20
2020-05-14,662.59,585.39,13914.49,12293.19,May-20
2020-05-15,662.59,585.39,13914.49,12293.19,May-20
2020-05-18,662.59,585.39,13914.49,12293.19,May-20
2020-05-19,662.59,585.39,13914.49,12293.19,May-20
2020-05-20,662.59,585.39,13914.49,12293.19,May-20
2020-05-21,662.59,585.39,13914.49,12293.19,May-20
2020-05-22,662.59,585.39,13914.49,12293.19,May-20
2020-05-25,662.59,585.39,13914.49,12293.19,May-20
2020-05-26,662.59,585.39,13914.49,12293.19,May-20
2020-05-27,662.59,585.39,13914.49,12293.19,May-20
2020-05-28,662.59,585.39,13914.49,12293.19,May-20
2020-05-29,662.59,585.39,13914.49,12293.19,May-20
2020-06-01,249.68,110.65,5492.95,2434.4,Jun-20
2020-06-02,249.68,110.65,5492.95,2434.4,Jun-20
2020-06-03,249.68,110.65,5492.95,2434.4,Jun-20
2020-06-04,249.68,110.65,5492.95,2434.4,Jun-20
2020-06-05,249.68,110.65,5492.95,2434.4,Jun-20
2020-06-08,249.68,110.65,5492.95,2434.4,Jun-20
2020-06-09,249.68,110.65,5492.95,2434.4,Jun-20
2020-06-10,249.68,110.65,5492.95,2434.4,Jun-20
2020-06-11,249.68,110.65,5492.95,2434.4,Jun-20
2020-06-12,249.68,110.65,5492.95,2434.4,Jun-20
2020-06-15,249.68,110.65,5492.95,2434.4,Jun-20
2020-06-16,249.68,110.65,5492.95,2434.4,Jun-20
2020-06-17,249.68,110.65,5492.95,2434.4,Jun-20
2020-06-18,249.68,110.65,5492.95,2434.4,Jun-20
2020-06-19,249.68,110.65,5492.95,2434.4,Jun-20
2020-06-22,249.68,110.65,5492.95,2434.4,Jun-20
2020-06-23,249.68,110.65,5492.95,2434.4,Jun-20
2020-06-24,249.68,110.65,5492.95,2434.4,Jun-20
2020-06-25,249.68,110.65,5492.95,2434.4,Jun-20
2020-06-26,249.68,110.65,5492.95,2434.4,Jun-20
2020-06-29,249.68,110.65,5492.95,2434.4,Jun-20
2020-06-30,249.68,110.65,5492.95,2434.4,Jun-20
2020-07-01,108.27,-435.13,2490.19,-10007.88,Jul-20
2020-07-02,108.27,-435.13,2490.19,-10007.88,Jul-20
2020-07-03,108.27,-435.13,2490.19,-10007.88,Jul-20
2020-07-06,108.27,-435.13,2490.19,-10007.88,Jul-20
2020-07-07,108.27,-435.13,2490.19,-10007.88,Jul-20
2020-07-08,108.27,-435.13,2490.19,-10007.88,Jul-20
2020-07-09,108.27,-435.13,2490.19,-10007.88,Jul-20
2020-07-10,108.27,-435.13,2490.19,-10007.88,Jul-20
2020-07-13,108.27,-435.13,2490.19,-10007.88,Jul-20
2020-07-14,108.27,-435.13,2490.19,-10007.88,Jul-20
2020-07-15,108.27,-435.13,2490.19,-10007.88,Jul-20
2020-07-16,108.27,-435.13,2490.19,-10007.88,Jul-20
2020-07-17,108.27,-435.13,2490.19,-10007.88,Jul-20
2020-07-20,108.27,-435.13,2490.19,-10007.88,Jul-20
2020-07-21,108.27,-435.13,2490.19,-10007.88,Jul-20
2020-07-22,108.27,-435.13,2490.19,-10007.88,Jul-20
2020-07-23,108.27,-435.13,2490.19,-10007.88,Jul-20
2020-07-24,108.27,-435.13,2490.19,-10007.88,Jul-20
2020-07-27,108.27,-435.13,2490.19,-10007.88,Jul-20
2020-07-28,108.27,-435.13,2490.19,-10007.88,Jul-20
2020-07-29,108.27,-435.13,2490.19,-10007.88,Jul-20
2020-07-30,108.27,-435.13,2490.19,-10007.88,Jul-20
2020-07-31,108.27,-435.13,2490.19,-10007.88,Jul-20
2020-08-03,749.99,-526.04,15749.86,-11046.78,Aug-20
2020-08-04,749.99,-526.04,15749.86,-11046.78,Aug-20
2020-08-05,749.99,-526.04,15749.86,-11046.78,Aug-20
2020-08-06,749.99,-526.04,15749.86,-11046.78,Aug-20
2020-08-07,749.99,-526.04,15749.86,-11046.78,Aug-20
2020-08-10,749.99,-526.04,15749.86,-11046.78,Aug-20
2020-08-11,749.99,-526.04,15749.86,-11046.78,Aug-20
2020-08-12,749.99,-526.04,15749.86,-11046.78,Aug-20
2020-08-13,749.99,-526.04,15749.86,-11046.78,Aug-20
2020-08-14,749.99,-526.04,15749.86,-11046.78,Aug-20
2020-08-17,749.99,-526.04,15749.86,-11046.78,Aug-20
2020-08-18,749.99,-526.04,15749.86,-11046.78,Aug-20
2020-08-19,749.99,-526.04,15749.86,-11046.78,Aug-20
2020-08-20,749.99,-526.04,15749.86,-11046.78,Aug-20
2020-08-21,749.99,-526.04,15749.86,-11046.78,Aug-20
2020-08-24,749.99,-526.04,15749.86,-11046.78,Aug-20
2020-08-25,749.99,-526.04,15749.86,-11046.78,Aug-20
2020-08-26,749.99,-526.04,15749.86,-11046.78,Aug-20
2020-08-27,749.99,-526.04,15749.86,-11046.78,Aug-20
2020-08-28,749.99,-526.04,15749.86,-11046.78,Aug-20
2020-08-31,749.99,-526.04,15749.86,-11046.78,Aug-20
2020-09-01,-518.67,5.01,-11410.69,110.3,Sep-20
2020-09-02,-518.67,5.01,-11410.69,110.3,Sep-20
2020-09-03,-518.67,5.01,-11410.69,110.3,Sep-20
2020-09-04,-518.67,5.01,-11410.69,110.3,Sep-20
2020-09-07,-518.67,5.01,-11410.69,110.3,Sep-20
2020-09-08,-518.67,5.01,-11410.69,110.3,Sep-20
2020-09-09,-518.67,5.01,-11410.69,110.3,Sep-20
2020-09-10,-518.67,5.01,-11410.69,110.3,Sep-20
2020-09-11,-518.67,5.01,-11410.69,110.3,Sep-20
2020-09-14,-518.67,5.01,-11410.69,110.3,Sep-20
2020-09-15,-518.67,5.01,-11410.69,110.3,Sep-20
2020-09-16,-518.67,5.01,-11410.69,110.3,Sep-20
2020-09-17,-518.67,5.01,-11410.69,110.3,Sep-20
2020-09-18,-518.67,5.01,-11410.69,110.3,Sep-20
2020-09-21,-518.67,5.01,-11410.69,110.3,Sep-20
2020-09-22,-518.67,5.01,-11410.69,110.3,Sep-20
2020-09-23,-518.67,5.01,-11410.69,110.3,Sep-20
2020-09-24,-518.67,5.01,-11410.69,110.3,Sep-20
2020-09-25,-518.67,5.01,-11410.69,110.3,Sep-20
2020-09-28,-518.67,5.01,-11410.69,110.3,Sep-20
2020-09-29,-518.67,5.01,-11410.69,110.3,Sep-20
2020-09-30,-518.67,5.01,-11410.69,110.3,Sep-20
2020-10-01,660.79,-787.2,14537.4,-17318.44,Oct-20
2020-10-02,660.79,-787.2,14537.4,-17318.44,Oct-20
2020-10-05,660.79,-787.2,14537.4,-17318.44,Oct-20
2020-10-06,660.79,-787.2,14537.4,-17318.44,Oct-20
2020-10-07,660.79,-787.2,14537.4,-17318.44,Oct-20
2020-10-08,660.79,-787.2,14537.4,-17318.44,Oct-20
2020-10-09,660.79,-787.2,14537.4,-17318.44,Oct-20
2020-10-12,660.79,-787.2,14537.4,-17318.44,Oct-20
2020-10-13,660.79,-787.2,14537.4,-17318.44,Oct-20
2020-10-14,660.79,-787.2,14537.4,-17318.44,Oct-20
2020-10-15,660.79,-787.2,14537.4,-17318.44,Oct-20
2020-10-16,660.79,-787.2,14537.4,-17318.44,Oct-20
2020-10-19,660.79,-787.2,14537.4,-17318.44,Oct-20
2020-10-20,660.79,-787.2,14537.4,-17318.44,Oct-20
2020-10-21,660.79,-787.2,14537.4,-17318.44,Oct-20
2020-10-22,660.79,-787.2,14537.4,-17318.44,Oct-20
2020-10-23,660.79,-787.2,14537.4,-17318.44,Oct-20
2020-10-26,660.79,-787.2,14537.4,-17318.44,Oct-20
2020-10-27,660.79,-787.2,14537.4,-17318.44,Oct-20
2020-10-28,660.79,-787.2,14537.4,-17318.44,Oct-20
2020-10-29,660.79,-787.2,14537.4,-17318.44,Oct-20
2020-10-30,660.79,-787.2,14537.4,-17318.44,Oct-20
2020-11-02,3110.34,-2300.91,65317.13,-48319.17,Nov-20
2020-11-03,3110.34,-2300.91,65317.13,-48319.17,Nov-20
2020-11-04,3110.34,-2300.91,65317.13,-48319.17,Nov-20
2020-11-05,3110.34,-2300.91,65317.13,-48319.17,Nov-20
2020-11-06,3110.34,-2300.91,65317.13,-48319.17,Nov-20
2020-11-09,3110.34,-2300.91,65317.13,-48319.17,Nov-20
2020-11-10,3110.34,-2300.91,65317.13,-48319.17,Nov-20
2020-11-11,3110.34,-2300.91,65317.13,-48319.17,Nov-20
2020-11-12,3110.34,-2300.91,65317.13,-48319.17,Nov-20
2020-11-13,3110.34,-2300.91,65317.13,-48319.17,Nov-20
2020-11-16,3110.34,-2300.91,65317.13,-48319.17,Nov-20
2020-11-17,3110.34,-2300.91,65317.13,-48319.17,Nov-20
2020-11-18,3110.34,-2300.91,65317.13,-48319.17,Nov-20
2020-11-19,3110.34,-2300.91,65317.13,-48319.17,Nov-20
2020-11-20,3110.34,-2300.91,65317.13,-48319.17,Nov-20
2020-11-23,3110.34,-2300.91,65317.13,-48319.17,Nov-20
2020-11-24,3110.34,-2300.91,65317.13,-48319.17,Nov-20
2020-11-25,3110.34,-2300.91,65317.13,-48319.17,Nov-20
2020-11-26,3110.34,-2300.91,65317.13,-48319.17,Nov-20
2020-11-27,3110.34,-2300.91,65317.13,-48319.17,Nov-20
2020-11-30,3110.34,-2300.91,65317.13,-48319.17,Nov-20
2020-12-01,2096.69,-1621.46,48223.94,-37293.53,Dec-20
2020-12-02,2096.69,-1621.46,48223.94,-37293.53,Dec-20
2020-12-03,2096.69,-1621.46,48223.94,-37293.53,Dec-20
2020-12-04,2096.69,-1621.46,48223.94,-37293.53,Dec-20
2020-12-07,2096.69,-1621.46,48223.94,-37293.53,Dec-20
2020-12-08,2096.69,-1621.46,48223.94,-37293.53,Dec-20
2020-12-09,2096.69,-1621.46,48223.94,-37293.53,Dec-20
2020-12-10,2096.69,-1621.46,48223.94,-37293.53,Dec-20
2020-12-11,2096.69,-1621.46,48223.94,-37293.53,Dec-20
2020-12-14,2096.69,-1621.46,48223.94,-37293.53,Dec-20
2020-12-15,2096.69,-1621.46,48223.94,-37293.53,Dec-20
2020-12-16,2096.69,-1621.46,48223.94,-37293.53,Dec-20
2020-12-17,2096.69,-1621.46,48223.94,-37293.53,Dec-20
2020-12-18,2096.69,-1621.46,48223.94,-37293.53,Dec-20
2020-12-21,2096.69,-1621.46,48223.94,-37293.53,Dec-20
2020-12-22,2096.69,-1621.46,48223.94,-37293.53,Dec-20
2020-12-23,2096.69,-1621.46,48223.94,-37293.53,Dec-20
2020-12-24,2096.69,-1621.46,48223.94,-37293.53,Dec-20
2020-12-25,2096.69,-1621.46,48223.94,-37293.53,Dec-20
2020-12-28,2096.69,-1621.46,48223.94,-37293.53,Dec-20
2020-12-29,2096.69,-1621.46,48223.94,-37293.53,Dec-20
2020-12-30,2096.69,-1621.46,48223.94,-37293.53,Dec-20
2020-12-31,2096.69,-1621.46,48223.94,-37293.53,Dec-20
2021-01-01,427.66,-570.03,8980.81,-11970.54,Jan-21
2021-01-04,427.66,-570.03,8980.81,-11970.54,Jan-21
2021-01-05,427.66,-570.03,8980.81,-11970.54,Jan-21
2021-01-06,427.66,-570.03,8980.81,-11970.54,Jan-21
2021-01-07,427.66,-570.03,8980.81,-11970.54,Jan-21
2021-01-08,427.66,-570.03,8980.81,-11970.54,Jan-21
2021-01-11,427.66,-570.03,8980.81,-11970.54,Jan-21
2021-01-12,427.66,-570.03,8980.81,-11970.54,Jan-21
2021-01-13,427.66,-570.03,8980.81,-11970.54,Jan-21
2021-01-14,427.66,-570.03,8980.81,-11970.54,Jan-21
2021-01-15,427.66,-570.03,8980.81,-11970.54,Jan-21
2021-01-18,427.66,-570.03,8980.81,-11970.54,Jan-21
2021-01-19,427.66,-570.03,8980.81,-11970.54,Jan-21
2021-01-20,427.66,-570.03,8980.81,-11970.54,Jan-21
2021-01-21,427.66,-570.03,8980.81,-11970.54,Jan-21
2021-01-22,427.66,-570.03,8980.81,-11970.54,Jan-21
2021-01-25,427.66,-570.03,8980.81,-11970.54,Jan-21
2021-01-26,427.66,-570.03,8980.81,-11970.54,Jan-21
2021-01-27,427.66,-570.03,8980.81,-11970.54,Jan-21
2021-01-28,427.66,-570.03,8980.81,-11970.54,Jan-21
2021-01-29,427.66,-570.03,8980.81,-11970.54,Jan-21
2021-02-01,2102.22,-817.9,42044.46,-16358.1,Feb-21
2021-02-02,2102.22,-817.9,42044.46,-16358.1,Feb-21
2021-02-03,2102.22,-817.9,42044.46,-16358.1,Feb-21
2021-02-04,2102.22,-817.9,42044.46,-16358.1,Feb-21
2021-02-05,2102.22,-817.9,42044.46,-16358.1,Feb-21
2021-02-08,2102.22,-817.9,42044.46,-16358.1,Feb-21
2021-02-09,2102.22,-817.9,42044.46,-16358.1,Feb-21
2021-02-10,2102.22,-817.9,42044.46,-16358.1,Feb-21
2021-02-11,2102.22,-817.9,42044.46,-16358.1,Feb-21
2021-02-12,2102.22,-817.9,42044.46,-16358.1,Feb-21
2021-02-15,2102.22,-817.9,42044.46,-16358.1,Feb-21
2021-02-16,2102.22,-817.9,42044.46,-16358.1,Feb-21
2021-02-17,2102.22,-817.9,42044.46,-16358.1,Feb-21
2021-02-18,2102.22,-817.9,42044.46,-16358.1,Feb-21
2021-02-19,2102.22,-817.9,42044.46,-16358.1,Feb-21
2021-02-22,2102.22,-817.9,42044.46,-16358.1,Feb-21
2021-02-23,2102.22,-817.9,42044.46,-16358.1,Feb-21
2021-02-24,2102.22,-817.9,42044.46,-16358.1,Feb-21
2021-02-25,2102.22,-817.9,42044.46,-16358.1,Feb-21
2021-02-26,2102.22,-817.9,42044.46,-16358.1,Feb-21
2021-03-01,54.14,226.28,1245.22,5204.42,Mar-21
2021-03-02,54.14,226.28,1245.22,5204.42,Mar-21
2021-03-03,54.14,226.28,1245.22,5204.42,Mar-21
2021-03-04,54.14,226.28,1245.22,5204.42,Mar-21
2021-03-05,54.14,226.28,1245.22,5204.42,Mar-21
2021-03-08,54.14,226.28,1245.22,5204.42,Mar-21
2021-03-09,54.14,226.28,1245.22,5204.42,Mar-21
2021-03-10,54.14,226.28,1245.22,5204.42,Mar-21
2021-03-11,54.14,226.28,1245.22,5204.42,Mar-21
2021-03-12,54.14,226.28,1245.22,5204.42,Mar-21
2021-03-15,54.14,226.28,1245.22,5204.42,Mar-21
2021-03-16,54.14,226.28,1245.22,5204.42,Mar-21
2021-03-17,54.14,226.28,1245.22,5204.42,Mar-21
2021-03-18,54.14,226.28,1245.22,5204.42,Mar-21
2021-03-19,54.14,226.28,1245.22,5204.42,Mar-21
2021-03-22,54.14,226.28,1245.22,5204.42,Mar-21
2021-03-23,54.14,226.28,1245.22,5204.42,Mar-21
2021-03-24,54.14,226.28,1245.22,5204.42,Mar-21
2021-03-25,54.14,226.28,1245.22,5204.42,Mar-21
2021-03-26,54.14,226.28,1245.22,5204.42,Mar-21
2021-03-29,54.14,226.28,1245.22,5204.42,Mar-21
2021-03-30,54.14,226.28,1245.22,5204.42,Mar-21
2021-03-31,54.14,226.28,1245.22,5204.42,Mar-21
2021-04-01,-547.25,516.36,-12039.43,11359.88,Apr-21
2021-04-02,-547.25,516.36,-12039.43,11359.88,Apr-21
2021-04-05,-547.25,516.36,-12039.43,11359.88,Apr-21
2021-04-06,-547.25,516.36,-12039.43,11359.88,Apr-21
2021-04-07,-547.25,516.36,-12039.43,11359.88,Apr-21
2021-04-08,-547.25,516.36,-12039.43,11359.88,Apr-21
2021-04-09,-547.25,516.36,-12039.43,11359.88,Apr-21
2021-04-12,-547.25,516.36,-12039.43,11359.88,Apr-21
2021-04-13,-547.25,516.36,-12039.43,11359.88,Apr-21
2021-04-14,-547.25,516.36,-12039.43,11359.88,Apr-21
2021-04-15,-547.25,516.36,-12039.43,11359.88,Apr-21
2021-04-16,-547.25,516.36,-12039.43,11359.88,Apr-21
2021-04-19,-547.25,516.36,-12039.43,11359.88,Apr-21
2021-04-20,-547.25,516.36,-12039.43,11359.88,Apr-21
2021-04-21,-547.25,516.36,-12039.43,11359.88,Apr-21
2021-04-22,-547.25,516.36,-12039.43,11359.88,Apr-21
2021-04-23,-547.25,516.36,-12039.43,11359.88,Apr-21
2021-04-26,-547.25,516.36,-12039.43,11359.88,Apr-21
2021-04-27,-547.25,516.36,-12039.43,11359.88,Apr-21
2021-04-28,-547.25,516.36,-12039.43,11359.88,Apr-21
2021-04-29,-547.25,516.36,-12039.43,11359.88,Apr-21
2021-04-30,-547.25,516.36,-12039.43,11359.88,Apr-21
2021-05-03,-286.44,98.44,-6015.34,2067.23,May-21
2021-05-04,-286.44,98.44,-6015.34,2067.23,May-21
2021-05-05,-286.44,98.44,-6015.34,2067.23,May-21
2021-05-06,-286.44,98.44,-6015.34,2067.23,May-21
2021-05-07,-286.44,98.44,-6015.34,2067.23,May-21
2021-05-10,-286.44,98.44,-6015.34,2067.23,May-21
2021-05-11,-286.44,98.44,-6015.34,2067.23,May-21
2021-05-12,-286.44,98.44,-6015.34,2067.23,May-21
2021-05-13,-286.44,98.44,-6015.34,2067.23,May-21
2021-05-14,-286.44,98.44,-6015.34,2067.23,May-21
2021-05-17,-286.44,98.44,-6015.34,2067.23,May-21
2021-05-18,-286.44,98.44,-6015.34,2067.23,May-21
2021-05-19,-286.44,98.44,-6015.34,2067.23,May-21
2021-05-20,-286.44,98.44,-6015.34,2067.23,May-21
2021-05-21,-286.44,98.44,-6015.34,2067.23,May-21
2021-05-24,-286.44,98.44,-6015.34,2067.23,May-21
2021-05-25,-286.44,98.44,-6015.34,2067.23,May-21
2021-05-26,-286.44,98.44,-6015.34,2067.23,May-21
2021-05-27,-286.44,98.44,-6015.34,2067.23,May-21
2021-05-28,-286.44,98.44,-6015.34,2067.23,May-21
2021-05-31,-286.44,98.44,-6015.34,2067.23,May-21
2021-06-01,-1.18,320.16,-25.89,7043.51,Jun-21
2021-06-02,-1.18,320.16,-25.89,7043.51,Jun-21
2021-06-03,-1.18,320.16,-25.89,7043.51,Jun-21
2021-06-04,-1.18,320.16,-25.89,7043.51,Jun-21
2021-06-07,-1.18,320.16,-25.89,7043.51,Jun-21
2021-06-08,-1.18,320.16,-25.89,7043.51,Jun-21
2021-06-09,-1.18,320.16,-25.89,7043.51,Jun-21
2021-06-10,-1.18,320.16,-25.89,7043.51,Jun-21
2021-06-11,-1.18,320.16,-25.89,7043.51,Jun-21
2021-06-14,-1.18,320.16,-25.89,7043.51,Jun-21
2021-06-15,-1.18,320.16,-25.89,7043.51,Jun-21
2021-06-16,-1.18,320.16,-25.89,7043.51,Jun-21
2021-06-17,-1.18,320.16,-25.89,7043.51,Jun-21
2021-06-18,-1.18,320.16,-25.89,7043.51,Jun-21
2021-06-21,-1.18,320.16,-25.89,7043.51,Jun-21
2021-06-22,-1.18,320.16,-25.89,7043.51,Jun-21
2021-06-23,-1.18,320.16,-25.89,7043.51,Jun-21
2021-06-24,-1.18,320.16,-25.89,7043.51,Jun-21
2021-06-25,-1.18,320.16,-25.89,7043.51,Jun-21
2021-06-28,-1.18,320.16,-25.89,7043.51,Jun-21
2021-06-29,-1.18,320.16,-25.89,7043.51,Jun-21
2021-06-30,-1.18,320.16,-25.89,7043.51,Jun-21
2021-07-01,-1054.24,836.09,-23193.39,18393.92,Jul-21
2021-07-02,-1054.24,836.09,-23193.39,18393.92,Jul-21
2021-07-05,-1054.24,836.09,-23193.39,18393.92,Jul-21
2021-07-06,-1054.24,836.09,-23193.39,18393.92,Jul-21
2021-07-07,-1054.24,836.09,-23193.39,18393.92,Jul-21
2021-07-08,-1054.24,836.09,-23193.39,18393.92,Jul-21
2021-07-09,-1054.24,836.09,-23193.39,18393.92,Jul-21
2021-07-12,-1054.24,836.09,-23193.39,18393.92,Jul-21
2021-07-13,-1054.24,836.09,-23193.39,18393.92,Jul-21
2021-07-14,-1054.24,836.09,-23193.39,18393.92,Jul-21
2021-07-15,-1054.24,836.09,-23193.39,18393.92,Jul-21
2021-07-16,-1054.24,836.09,-23193.39,18393.92,Jul-21
2021-07-19,-1054.24,836.09,-23193.39,18393.92,Jul-21
2021-07-20,-1054.24,836.09,-23193.39,18393.92,Jul-21
2021-07-21,-1054.24,836.09,-23193.39,18393.92,Jul-21
2021-07-22,-1054.24,836.09,-23193.39,18393.92,Jul-21
2021-07-23,-1054.24,836.09,-23193.39,18393.92,Jul-21
2021-07-26,-1054.24,836.09,-23193.39,18393.92,Jul-21
2021-07-27,-1054.24,836.09,-23193.39,18393.92,Jul-21
2021-07-28,-1054.24,836.09,-23193.39,18393.92,Jul-21
2021-07-29,-1054.24,836.09,-23193.39,18393.92,Jul-21
2021-07-30,-1054.24,836.09,-23193.39,18393.92,Jul-21
2021-08-02,-116.75,313.39,-2568.52,6894.69,Aug-21
2021-08-03,-116.75,313.39,-2568.52,6894.69,Aug-21
2021-08-04,-116.75,313.39,-2568.52,6894.69,Aug-21
2021-08-05,-116.75,313.39,-2568.52,6894.69,Aug-21
2021-08-06,-116.75,313.39,-2568.52,6894.69,Aug-21
2021-08-09,-116.75,313.39,-2568.52,6894.69,Aug-21
2021-08-10,-116.75,313.39,-2568.52,6894.69,Aug-21
2021-08-11,-116.75,313.39,-2568.52,6894.69,Aug-21
2021-08-12,-116.75,313.39,-2568.52,6894.69,Aug-21
2021-08-13,-116.75,313.39,-2568.52,6894.69,Aug-21
2021-08-16,-116.75,313.39,-2568.52,6894.69,Aug-21
2021-08-17,-116.75,313.39,-2568.52,6894.69,Aug-21
2021-08-18,-116.75,313.39,-2568.52,6894.69,Aug-21
2021-08-19,-116.75,313.39,-2568.52,6894.69,Aug-21
2021-08-20,-116.75,313.39,-2568.52,6894.69,Aug-21
2021-08-23,-116.75,313.39,-2568.52,6894.69,Aug-21
2021-08-24,-116.75,313.39,-2568.52,6894.69,Aug-21
2021-08-25,-116.75,313.39,-2568.52,6894.69,Aug-21
2021-08-26,-116.75,313.39,-2568.52,6894.69,Aug-21
2021-08-27,-116.75,313.39,-2568.52,6894.69,Aug-21
2021-08-30,-116.75,313.39,-2568.52,6894.69,Aug-21
2021-08-31,-116.75,313.39,-2568.52,6894.69,Aug-21
2021-09-01,41.53,270.4,913.77,5948.85,Sep-21
2021-09-02,41.53,270.4,913.77,5948.85,Sep-21
2021-09-03,41.53,270.4,913.77,5948.85,Sep-21
2021-09-06,41.53,270.4,913.77,5948.85,Sep-21
2021-09-07,41.53,270.4,913.77,5948.85,Sep-21
2021-09-08,41.53,270.4,913.77,5948.85,Sep-21
2021-09-09,41.53,270.4,913.77,5948.85,Sep-21
2021-09-10,41.53,270.4,913.77,5948.85,Sep-21
2021-09-13,41.53,270.4,913.77,5948.85,Sep-21
2021-09-14,41.53,270.4,913.77,5948.85,Sep-21
2021-09-15,41.53,270.4,913.77,5948.85,Sep-21
2021-09-16,41.53,270.4,913.77,5948.85,Sep-21
2021-09-17,41.53,270.4,913.77,5948.85,Sep-21
2021-09-20,41.53,270.4,913.77,5948.85,Sep-21
2021-09-21,41.53,270.4,913.77,5948.85,Sep-21
2021-09-22,41.53,270.4,913.77,5948.85,Sep-21
2021-09-23,41.53,270.4,913.77,5948.85,Sep-21
2021-09-24,41.53,270.4,913.77,5948.85,Sep-21
2021-09-27,41.53,270.4,913.77,5948.85,Sep-21
2021-09-28,41.53,270.4,913.77,5948.85,Sep-21
2021-09-29,41.53,270.4,913.77,5948.85,Sep-21
2021-09-30,41.53,270.4,913.77,5948.85,Sep-21
2021-10-01,-1217.72,212.9,-25572.19,4470.99,Oct-21
2021-10-04,-1217.72,212.9,-25572.19,4470.99,Oct-21
2021-10-05,-1217.72,212.9,-25572.19,4470.99,Oct-21
2021-10-06,-1217.72,212.9,-25572.19,4470.99,Oct-21
2021-10-07,-1217.72,212.9,-25572.19,4470.99,Oct-21
2021-10-08,-1217.72,212.9,-25572.19,4470.99,Oct-21
2021-10-11,-1217.72,212.9,-25572.19,4470.99,Oct-21
2021-10-12,-1217.72,212.9,-25572.19,4470.99,Oct-21
2021-10-13,-1217.72,212.9,-25572.19,4470.99,Oct-21
2021-10-14,-1217.72,212.9,-25572.19,4470.99,Oct-21
2021-10-15,-1217.72,212.9,-25572.19,4470.99,Oct-21
2021-10-18,-1217.72,212.9,-25572.19,4470.99,Oct-21
2021-10-19,-1217.72,212.9,-25572.19,4470.99,Oct-21
2021-10-20,-1217.72,212.9,-25572.19,4470.99,Oct-21
2021-10-21,-1217.72,212.9,-25572.19,4470.99,Oct-21
2021-10-22,-1217.72,212.9,-25572.19,4470.99,Oct-21
2021-10-25,-1217.72,212.9,-25572.19,4470.99,Oct-21
2021-10-26,-1217.72,212.9,-25572.19,4470.99,Oct-21
2021-10-27,-1217.72,212.9,-25572.19,4470.99,Oct-21
2021-10-28,-1217.72,212.9,-25572.19,4470.99,Oct-21
2021-10-29,-1217.72,212.9,-25572.19,4470.99,Oct-21
2021-11-01,-1813.72,1389.1,-39901.92,30560.27,Nov-21
2021-11-02,-1813.72,1389.1,-39901.92,30560.27,Nov-21
2021-11-03,-1813.72,1389.1,-39901.92,30560.27,Nov-21
2021-11-04,-1813.72,1389.1,-39901.92,30560.27,Nov-21
2021-11-05,-1813.72,1389.1,-39901.92,30560.27,Nov-21
2021-11-08,-1813.72,1389.1,-39901.92,30560.27,Nov-21
2021-11-09,-1813.72,1389.1,-39901.92,30560.27,Nov-21
2021-11-10,-1813.72,1389.1,-39901.92,30560.27,Nov-21
2021-11-11,-1813.72,1389.1,-39901.92,30560.27,Nov-21
2021-11-12,-1813.72,1389.1,-39901.92,30560.27,Nov-21
2021-11-15,-1813.72,1389.1,-39901.92,30560.27,Nov-21
2021-11-16,-1813.72,1389.1,-39901.92,30560.27,Nov-21
2021-11-17,-1813.72,1389.1,-39901.92,30560.27,Nov-21
2021-11-18,-1813.72,1389.1,-39901.92,30560.27,Nov-21
2021-11-19,-1813.72,1389.1,-39901.92,30560.27,Nov-21
2021-11-22,-1813.72,1389.1,-39901.92,30560.27,Nov-21
2021-11-23,-1813.72,1389.1,-39901.92,30560.27,Nov-21
2021-11-24,-1813.72,1389.1,-39901.92,30560.27,Nov-21
2021-11-25,-1813.72,1389.1,-39901.92,30560.27,Nov-21
2021-11-26,-1813.72,1389.1,-39901.92,30560.27,Nov-21
2021-11-29,-1813.72,1389.1,-39901.92,30560.27,Nov-21
2021-11-30,-1813.72,1389.1,-39901.92,30560.27,Nov-21
2021-12-01,-1543.2,1357.87,-35493.59,31231.05,Dec-21
2021-12-02,-1543.2,1357.87,-35493.59,31231.05,Dec-21
2021-12-03,-1543.2,1357.87,-35493.59,31231.05,Dec-21
2021-12-06,-1543.2,1357.87,-35493.59,31231.05,Dec-21
2021-12-07,-1543.2,1357.87,-35493.59,31231.05,Dec-21
2021-12-08,-1543.2,1357.87,-35493.59,31231.05,Dec-21
2021-12-09,-1543.2,1357.87,-35493.59,31231.05,Dec-21
2021-12-10,-1543.2,1357.87,-35493.59,31231.05,Dec-21
2021-12-13,-1543.2,1357.87,-35493.59,31231.05,Dec-21
2021-12-14,-1543.2,1357.87,-35493.59,31231.05,Dec-21
2021-12-15,-1543.2,1357.87,-35493.59,31231.05,Dec-21
2021-12-16,-1543.2,1357.87,-35493.59,31231.05,Dec-21
2021-12-17,-1543.2,1357.87,-35493.59,31231.05,Dec-21
2021-12-20,-1543.2,1357.87,-35493.59,31231.05,Dec-21
2021-12-21,-1543.2,1357.87,-35493.59,31231.05,Dec-21
2021-12-22,-1543.2,1357.87,-35493.59,31231.05,Dec-21
2021-12-23,-1543.2,1357.87,-35493.59,31231.05,Dec-21
2021-12-24,-1543.2,1357.87,-35493.59,31231.05,Dec-21
2021-12-27,-1543.2,1357.87,-35493.59,31231.05,Dec-21
2021-12-28,-1543.2,1357.87,-35493.59,31231.05,Dec-21
2021-12-29,-1543.2,1357.87,-35493.59,31231.05,Dec-21
2021-12-30,-1543.2,1357.87,-35493.59,31231.05,Dec-21
2021-12-31,-1543.2,1357.87,-35493.59,31231.05,Dec-21
2022-01-03,-1968.87,1044.21,-41346.35,21928.4,Jan-22
2022-01-04,-1968.87,1044.21,-41346.35,21928.4,Jan-22
2022-01-05,-1968.87,1044.21,-41346.35,21928.4,Jan-22
2022-01-06,-1968.87,1044.21,-41346.35,21928.4,Jan-22
2022-01-07,-1968.87,1044.21,-41346.35,21928.4,Jan-22
2022-01-10,-1968.87,1044.21,-41346.35,21928.4,Jan-22
2022-01-11,-1968.87,1044.21,-41346.35,21928.4,Jan-22
2022-01-12,-1968.87,1044.21,-41346.35,21928.4,Jan-22
2022-01-13,-1968.87,1044.21,-41346.35,21928.4,Jan-22
2022-01-14,-1968.87,1044.21,-41346.35,21928.4,Jan-22
2022-01-17,-1968.87,1044.21,-41346.35,21928.4,Jan-22
2022-01-18,-1968.87,1044.21,-41346.35,21928.4,Jan-22
2022-01-19,-1968.87,1044.21,-41346.35,21928.4,Jan-22
2022-01-20,-1968.87,1044.21,-41346.35,21928.4,Jan-22
2022-01-21,-1968.87,1044.21,-41346.35,21928.4,Jan-22
2022-01-24,-1968.87,1044.21,-41346.35,21928.4,Jan-22
2022-01-25,-1968.87,1044.21,-41346.35,21928.4,Jan-22
2022-01-26,-1968.87,1044.21,-41346.35,21928.4,Jan-22
2022-01-27,-1968.87,1044.21,-41346.35,21928.4,Jan-22
2022-01-28,-1968.87,1044.21,-41346.35,21928.4,Jan-22
2022-01-31,-1968.87,1044.21,-41346.35,21928.4,Jan-22
2022-02-01,-2286.0,2104.2,-45720.07,42084.07,Feb-22
2022-02-02,-2286.0,2104.2,-45720.07,42084.07,Feb-22
2022-02-03,-2286.0,2104.2,-45720.07,42084.07,Feb-22
2022-02-04,-2286.0,2104.2,-45720.07,42084.07,Feb-22
2022-02-07,-2286.0,2104.2,-45720.07,42084.07,Feb-22
2022-02-08,-2286.0,2104.2,-45720.07,42084.07,Feb-22
2022-02-09,-2286.0,2104.2,-45720.07,42084.07,Feb-22
2022-02-10,-2286.0,2104.2,-45720.07,42084.07,Feb-22
2022-02-11,-2286.0,2104.2,-45720.07,42084.07,Feb-22
2022-02-14,-2286.0,2104.2,-45720.07,42084.07,Feb-22
2022-02-15,-2286.0,2104.2,-45720.07,42084.07,Feb-22
2022-02-16,-2286.0,2104.2,-45720.07,42084.07,Feb-22
2022-02-17,-2286.0,2104.2,-45720.07,42084.07,Feb-22
2022-02-18,-2286.0,2104.2,-45720.07,42084.07,Feb-22
2022-02-21,-2286.0,2104.2,-45720.07,42084.07,Feb-22
2022-02-22,-2286.0,2104.2,-45720.07,42084.07,Feb-22
2022-02-23,-2286.0,2104.2,-45720.07,42084.07,Feb-22
2022-02-24,-2286.0,2104.2,-45720.07,42084.07,Feb-22
2022-02-25,-2286.0,2104.2,-45720.07,42084.07,Feb-22
2022-02-28,-2286.0,2104.2,-45720.07,42084.07,Feb-22
2022-03-01,-1881.8,1725.09,-43281.31,39677.03,Mar-22
2022-03-02,-1881.8,1725.09,-43281.31,39677.03,Mar-22
2022-03-03,-1881.8,1725.09,-43281.31,39677.03,Mar-22
2022-03-04,-1881.8,1725.09,-43281.31,39677.03,Mar-22
2022-03-07,-1881.8,1725.09,-43281.31,39677.03,Mar-22
2022-03-08,-1881.8,1725.09,-43281.31,39677.03,Mar-22
2022-03-09,-1881.8,1725.09,-43281.31,39677.03,Mar-22
2022-03-10,-1881.8,1725.09,-43281.31,39677.03,Mar-22
2022-03-11,-1881.8,1725.09,-43281.31,39677.03,Mar-22
2022-03-14,-1881.8,1725.09,-43281.31,39677.03,Mar-22
2022-03-15,-1881.8,1725.09,-43281.31,39677.03,Mar-22
2022-03-16,-1881.8,1725.09,-43281.31,39677.03,Mar-22
2022-03-17,-1881.8,1725.09,-43281.31,39677.03,Mar-22
2022-03-18,-1881.8,1725.09,-43281.31,39677.03,Mar-22
2022-03-21,-1881.8,1725.09,-43281.31,39677.03,Mar-22
2022-03-22,-1881.8,1725.09,-43281.31,39677.03,Mar-22
2022-03-23,-1881.8,1725.09,-43281.31,39677.03,Mar-22
2022-03-24,-1881.8,1725.09,-43281.31,39677.03,Mar-22
2022-03-25,-1881.8,1725.09,-43281.31,39677.03,Mar-22
2022-03-28,-1881.8,1725.09,-43281.31,39677.03,Mar-22
2022-03-29,-1881.8,1725.09,-43281.31,39677.03,Mar-22
2022-03-30,-1881.8,1725.09,-43281.31,39677.03,Mar-22
2022-03-31,-1881.8,1725.09,-43281.31,39677.03,Mar-22
2022-04-01,-1935.84,1422.36,-40652.71,29869.52,Apr-22
2022-04-04,-1935.84,1422.36,-40652.71,29869.52,Apr-22
2022-04-05,-1935.84,1422.36,-40652.71,29869.52,Apr-22
2022-04-06,-1935.84,1422.36,-40652.71,29869.52,Apr-22
2022-04-07,-1935.84,1422.36,-40652.71,29869.52,Apr-22
2022-04-08,-1935.84,1422.36,-40652.71,29869.52,Apr-22
2022-04-11,-1935.84,1422.36,-40652.71,29869.52,Apr-22
2022-04-12,-1935.84,1422.36,-40652.71,29869.52,Apr-22
2022-04-13,-1935.84,1422.36,-40652.71,29869.52,Apr-22
2022-04-14,-1935.84,1422.36,-40652.71,29869.52,Apr-22
2022-04-15,-1935.84,1422.36,-40652.71,29869.52,Apr-22
2022-04-18,-1935.84,1422.36,-40652.71,29869.52,Apr-22
2022-04-19,-1935.84,1422.36,-40652.71,29869.52,Apr-22
2022-04-20,-1935.84,1422.36,-40652.71,29869.52,Apr-22
2022-04-21,-1935.84,1422.36,-40652.71,29869.52,Apr-22
2022-04-22,-1935.84,1422.36,-40652.71,29869.52,Apr-22
2022-04-25,-1935.84,1422.36,-40652.71,29869.52,Apr-22
2022-04-26,-1935.84,1422.36,-40652.71,29869.52,Apr-22
2022-04-27,-1935.84,1422.36,-40652.71,29869.52,Apr-22
2022-04-28,-1935.84,1422.36,-40652.71,29869.52,Apr-22
2022-04-29,-1935.84,1422.36,-40652.71,29869.52,Apr-22
2022-05-02,-2467.84,2310.71,-54292.47,50835.54,May-22
2022-05-03,-2467.84,2310.71,-54292.47,50835.54,May-22
2022-05-04,-2467.84,2310.71,-54292.47,50835.54,May-22
2022-05-05,-2467.84,2310.71,-54292.47,50835.54,May-22
2022-05-06,-2467.84,2310.71,-54292.47,50835.54,May-22
2022-05-09,-2467.84,2310.71,-54292.47,50835.54,May-22
2022-05-10,-2467.84,2310.71,-54292.47,50835.54,May-22
2022-05-11,-2467.84,2310.71,-54292.47,50835.54,May-22
2022-05-12,-2467.84,2310.71,-54292.47,50835.54,May-22
2022-05-13,-2467.84,2310.71,-54292.47,50835.54,May-22
2022-05-16,-2467.84,2310.71,-54292.47,50835.54,May-22
2022-05-17,-2467.84,2310.71,-54292.47,50835.54,May-22
2022-05-18,-2467.84,2310.71,-54292.47,50835.54,May-22
2022-05-19,-2467.84,2310.71,-54292.47,50835.54,May-22
2022-05-20,-2467.84,2310.71,-54292.47,50835.54,May-22
2022-05-23,-2467.84,2310.71,-54292.47,50835.54,May-22
2022-05-24,-2467.84,2310.71,-54292.47,50835.54,May-22
2022-05-25,-2467.84,2310.71,-54292.47,50835.54,May-22
2022-05-26,-2467.84,2310.71,-54292.47,50835.54,May-22
2022-05-27,-2467.84,2310.71,-54292.47,50835.54,May-22
2022-05-30,-2467.84,2310.71,-54292.47,50835.54,May-22
2022-05-31,-2467.84,2310.71,-54292.47,50835.54,May-22
2022-06-01,-2641.47,2118.15,-58112.37,46599.23,Jun-22
2022-06-02,-2641.47,2118.15,-58112.37,46599.23,Jun-22
2022-06-03,-2641.47,2118.15,-58112.37,46599.23,Jun-22
2022-06-06,-2641.47,2118.15,-58112.37,46599.23,Jun-22
2022-06-07,-2641.47,2118.15,-58112.37,46599.23,Jun-22
2022-06-08,-2641.47,2118.15,-58112.37,46599.23,Jun-22
2022-06-09,-2641.47,2118.15,-58112.37,46599.23,Jun-22
2022-06-10,-2641.47,2118.15,-58112.37,46599.23,Jun-22
2022-06-13,-2641.47,2118.15,-58112.37,46599.23,Jun-22
2022-06-14,-2641.47,2118.15,-58112.37,46599.23,Jun-22
2022-06-15,-2641.47,2118.15,-58112.37,46599.23,Jun-22
2022-06-16,-2641.47,2118.15,-58112.37,46599.23,Jun-22
2022-06-17,-2641.47,2118.15,-58112.37,46599.23,Jun-22
2022-06-20,-2641.47,2118.15,-58112.37,46599.23,Jun-22
2022-06-21,-2641.47,2118.15,-58112.37,46599.23,Jun-22
2022-06-22,-2641.47,2118.15,-58112.37,46599.23,Jun-22
2022-06-23,-2641.47,2118.15,-58112.37,46599.23,Jun-22
2022-06-24,-2641.47,2118.15,-58112.37,46599.23,Jun-22
2022-06-27,-2641.47,2118.15,-58112.37,46599.23,Jun-22
2022-06-28,-2641.47,2118.15,-58112.37,46599.23,Jun-22
2022-06-29,-2641.47,2118.15,-58112.37,46599.23,Jun-22
2022-06-30,-2641.47,2118.15,-58112.37,46599.23,Jun-22
2022-07-01,-312.75,502.19,-6567.71,10546.02,Jul-22
2022-07-04,-312.75,502.19,-6567.71,10546.02,Jul-22
2022-07-05,-312.75,502.19,-6567.71,10546.02,Jul-22
2022-07-06,-312.75,502.19,-6567.71,10546.02,Jul-22
2022-07-07,-312.75,502.19,-6567.71,10546.02,Jul-22
2022-07-08,-312.75,502.19,-6567.71,10546.02,Jul-22
2022-07-11,-312.75,502.19,-6567.71,10546.02,Jul-22
2022-07-12,-312.75,502.19,-6567.71,10546.02,Jul-22
2022-07-13,-312.75,502.19,-6567.71,10546.02,Jul-22
2022-07-14,-312.75,502.19,-6567.71,10546.02,Jul-22
2022-07-15,-312.75,502.19,-6567.71,10546.02,Jul-22
2022-07-18,-312.75,502.19,-6567.71,10546.02,Jul-22
2022-07-19,-312.75,502.19,-6567.71,10546.02,Jul-22
2022-07-20,-312.75,502.19,-6567.71,10546.02,Jul-22
2022-07-21,-312.75,502.19,-6567.71,10546.02,Jul-22
2022-07-22,-312.75,502.19,-6567.71,10546.02,Jul-22
2022-07-25,-312.75,502.19,-6567.71,10546.02,Jul-22
2022-07-26,-312.75,502.19,-6567.71,10546.02,Jul-22
2022-07-27,-312.75,502.19,-6567.71,10546.02,Jul-22
2022-07-28,-312.75,502.19,-6567.71,10546.02,Jul-22
2022-07-29,-312.75,502.19,-6567.71,10546.02,Jul-22
2022-08-01,957.64,-307.33,22025.62,-7068.63,Aug-22
2022-08-02,957.64,-307.33,22025.62,-7068.63,Aug-22
2022-08-03,957.64,-307.33,22025.62,-7068.63,Aug-22
2022-08-04,957.64,-307.33,22025.62,-7068.63,Aug-22
2022-08-05,957.64,-307.33,22025.62,-7068.63,Aug-22
2022-08-08,957.64,-307.33,22025.62,-7068.63,Aug-22
2022-08-09,957.64,-307.33,22025.62,-7068.63,Aug-22
2022-08-10,957.64,-307.33,22025.62,-7068.63,Aug-22
2022-08-11,957.64,-307.33,22025.62,-7068.63,Aug-22
2022-08-12,957.64,-307.33,22025.62,-7068.63,Aug-22
2022-08-15,957.64,-307.33,22025.62,-7068.63,Aug-22
2022-08-16,957.64,-307.33,22025.62,-7068.63,Aug-22
2022-08-17,957.64,-307.33,22025.62,-7068.63,Aug-22
2022-08-18,957.64,-307.33,22025.62,-7068.63,Aug-22
2022-08-19,957.64,-307.33,22025.62,-7068.63,Aug-22
2022-08-22,957.64,-307.33,22025.62,-7068.63,Aug-22
2022-08-23,957.64,-307.33,22025.62,-7068.63,Aug-22
2022-08-24,957.64,-307.33,22025.62,-7068.63,Aug-22
2022-08-25,957.64,-307.33,22025.62,-7068.63,Aug-22
2022-08-26,957.64,-307.33,22025.62,-7068.63,Aug-22
2022-08-29,957.64,-307.33,22025.62,-7068.63,Aug-22
2022-08-30,957.64,-307.33,22025.62,-7068.63,Aug-22
2022-08-31,957.64,-307.33,22025.62,-7068.63,Aug-22
2022-09-01,-832.2,641.81,-18308.3,14119.75,Sep-22
2022-09-02,-832.2,641.81,-18308.3,14119.75,Sep-22
2022-09-05,-832.2,641.81,-18308.3,14119.75,Sep-22
2022-09-06,-832.2,641.81,-18308.3,14119.75,Sep-22
2022-09-07,-832.2,641.81,-18308.3,14119.75,Sep-22
2022-09-08,-832.2,641.81,-18308.3,14119.75,Sep-22
2022-09-09,-832.2,641.81,-18308.3,14119.75,Sep-22
2022-09-12,-832.2,641.81,-18308.3,14119.75,Sep-22
2022-09-13,-832.2,641.81,-18308.3,14119.75,Sep-22
2022-09-14,-832.2,641.81,-18308.3,14119.75,Sep-22
2022-09-15,-832.2,641.81,-18308.3,14119.75,Sep-22
2022-09-16,-832.2,641.81,-18308.3,14119.75,Sep-22
2022-09-19,-832.2,641.81,-18308.3,14119.75,Sep-22
2022-09-20,-832.2,641.81,-18308.3,14119.75,Sep-22
2022-09-21,-832.2,641.81,-18308.3,14119.75,Sep-22
2022-09-22,-832.2,641.81,-18308.3,14119.75,Sep-22
2022-09-23,-832.2,641.81,-18308.3,14119.75,Sep-22
2022-09-26,-832.2,641.81,-18308.3,14119.75,Sep-22
2022-09-27,-832.2,641.81,-18308.3,14119.75,Sep-22
2022-09-28,-832.2,641.81,-18308.3,14119.75,Sep-22
2022-09-29,-832.2,641.81,-18308.3,14119.75,Sep-22
2022-09-30,-832.2,641.81,-18308.3,14119.75,Sep-22
2022-10-03,-23.29,441.76,-489.06,9276.97,Oct-22
2022-10-04,-23.29,441.76,-489.06,9276.97,Oct-22
2022-10-05,-23.29,441.76,-489.06,9276.97,Oct-22
2022-10-06,-23.29,441.76,-489.06,9276.97,Oct-22
2022-10-07,-23.29,441.76,-489.06,9276.97,Oct-22
2022-10-10,-23.29,441.76,-489.06,9276.97,Oct-22
2022-10-11,-23.29,441.76,-489.06,9276.97,Oct-22
2022-10-12,-23.29,441.76,-489.06,9276.97,Oct-22
2022-10-13,-23.29,441.76,-489.06,9276.97,Oct-22
2022-10-14,-23.29,441.76,-489.06,9276.97,Oct-22
2022-10-17,-23.29,441.76,-489.06,9276.97,Oct-22
2022-10-18,-23.29,441.76,-489.06,9276.97,Oct-22
2022-10-19,-23.29,441.76,-489.06,9276.97,Oct-22
2022-10-20,-23.29,441.76,-489.06,9276.97,Oct-22
2022-10-21,-23.29,441.76,-489.06,9276.97,Oct-22
2022-10-24,-23.29,441.76,-489.06,9276.97,Oct-22
2022-10-25,-23.29,441.76,-489.06,9276.97,Oct-22
2022-10-26,-23.29,441.76,-489.06,9276.97,Oct-22
2022-10-27,-23.29,441.76,-489.06,9276.97,Oct-22
2022-10-28,-23.29,441.76,-489.06,9276.97,Oct-22
2022-10-31,-23.29,441.76,-489.06,9276.97,Oct-22
2022-11-01,1024.83,-286.42,22546.34,-6301.32,Nov-22
2022-11-02,1024.83,-286.42,22546.34,-6301.32,Nov-22
2022-11-03,1024.83,-286.42,22546.34,-6301.32,Nov-22
2022-11-04,1024.83,-286.42,22546.34,-6301.32,Nov-22
2022-11-07,1024.83,-286.42,22546.34,-6301.32,Nov-22
2022-11-08,1024.83,-286.42,22546.34,-6301.32,Nov-22
2022-11-09,1024.83,-286.42,22546.34,-6301.32,Nov-22
2022-11-10,1024.83,-286.42,22546.34,-6301.32,Nov-22
2022-11-11,1024.83,-286.42,22546.34,-6301.32,Nov-22
2022-11-14,1024.83,-286.42,22546.34,-6301.32,Nov-22
2022-11-15,1024.83,-286.42,22546.34,-6301.32,Nov-22
2022-11-16,1024.83,-286.42,22546.34,-6301.32,Nov-22
2022-11-17,1024.83,-286.42,22546.34,-6301.32,Nov-22
2022-11-18,1024.83,-286.42,22546.34,-6301.32,Nov-22
2022-11-21,1024.83,-286.42,22546.34,-6301.32,Nov-22
2022-11-22,1024.83,-286.42,22546.34,-6301.32,Nov-22
2022-11-23,1024.83,-286.42,22546.34,-6301.32,Nov-22
2022-11-24,1024.83,-286.42,22546.34,-6301.32,Nov-22
2022-11-25,1024.83,-286.42,22546.34,-6301.32,Nov-22
2022-11-28,1024.83,-286.42,22546.34,-6301.32,Nov-22
2022-11-29,1024.83,-286.42,22546.34,-6301.32,Nov-22
2022-11-30,1024.83,-286.42,22546.34,-6301.32,Nov-22
2022-12-01,-646.87,1098.14,-14231.09,24159.13,Dec-22
2022-12-02,-646.87,1098.14,-14231.09,24159.13,Dec-22
2022-12-05,-646.87,1098.14,-14231.09,24159.13,Dec-22
2022-12-06,-646.87,1098.14,-14231.09,24159.13,Dec-22
2022-12-07,-646.87,1098.14,-14231.09,24159.13,Dec-22
2022-12-08,-646.87,1098.14,-14231.09,24159.13,Dec-22
2022-12-09,-646.87,1098.14,-14231.09,24159.13,Dec-22
2022-12-12,-646.87,1098.14,-14231.09,24159.13,Dec-22
2022-12-13,-646.87,1098.14,-14231.09,24159.13,Dec-22
2022-12-14,-646.87,1098.14,-14231.09,24159.13,Dec-22
2022-12-15,-646.87,1098.14,-14231.09,24159.13,Dec-22
2022-12-16,-646.87,1098.14,-14231.09,24159.13,Dec-22
2022-12-19,-646.87,1098.14,-14231.09,24159.13,Dec-22
2022-12-20,-646.87,1098.14,-14231.09,24159.13,Dec-22
2022-12-21,-646.87,1098.14,-14231.09,24159.13,Dec-22
2022-12-22,-646.87,1098.14,-14231.09,24159.13,Dec-22
2022-12-23,-646.87,1098.14,-14231.09,24159.13,Dec-22
2022-12-26,-646.87,1098.14,-14231.09,24159.13,Dec-22
2022-12-27,-646.87,1098.14,-14231.09,24159.13,Dec-22
2022-12-28,-646.87,1098.14,-14231.09,24159.13,Dec-22
2022-12-29,-646.87,1098.14,-14231.09,24159.13,Dec-22
2022-12-30,-646.87,1098.14,-14231.09,24159.13,Dec-22
2023-01-02,-1884.76,1518.72,-41464.73,33411.85,Jan-23
2023-01-03,-1884.76,1518.72,-41464.73,33411.85,Jan-23
2023-01-04,-1884.76,1518.72,-41464.73,33411.85,Jan-23
2023-01-05,-1884.76,1518.72,-41464.73,33411.85,Jan-23
2023-01-06,-1884.76,1518.72,-41464.73,33411.85,Jan-23
2023-01-09,-1884.76,1518.72,-41464.73,33411.85,Jan-23
2023-01-10,-1884.76,1518.72,-41464.73,33411.85,Jan-23
2023-01-11,-1884.76,1518.72,-41464.73,33411.85,Jan-23
2023-01-12,-1884.76,1518.72,-41464.73,33411.85,Jan-23
2023-01-13,-1884.76,1518.72,-41464.73,33411.85,Jan-23
2023-01-16,-1884.76,1518.72,-41464.73,33411.85,Jan-23
2023-01-17,-1884.76,1518.72,-41464.73,33411.85,Jan-23
2023-01-18,-1884.76,1518.72,-41464.73,33411.85,Jan-23
2023-01-19,-1884.76,1518.72,-41464.73,33411.85,Jan-23
2023-01-20,-1884.76,1518.72,-41464.73,33411.85,Jan-23
2023-01-23,-1884.76,1518.72,-41464.73,33411.85,Jan-23
2023-01-24,-1884.76,1518.72,-41464.73,33411.85,Jan-23
2023-01-25,-1884.76,1518.72,-41464.73,33411.85,Jan-23
2023-01-26,-1884.76,1518.72,-41464.73,33411.85,Jan-23
2023-01-27,-1884.76,1518.72,-41464.73,33411.85,Jan-23
2023-01-30,-1884.76,1518.72,-41464.73,33411.85,Jan-23
2023-01-31,-1884.76,1518.72,-41464.73,33411.85,Jan-23
2023-02-01,-554.53,961.96,-11090.64,19239.28,Feb-23
2023-02-02,-554.53,961.96,-11090.64,19239.28,Feb-23
2023-02-03,-554.53,961.96,-11090.64,19239.28,Feb-23
2023-02-06,-554.53,961.96,-11090.64,19239.28,Feb-23
2023-02-07,-554.53,961.96,-11090.64,19239.28,Feb-23
2023-02-08,-554.53,961.96,-11090.64,19239.28,Feb-23
2023-02-09,-554.53,961.96,-11090.64,19239.28,Feb-23
2023-02-10,-554.53,961.96,-11090.64,19239.28,Feb-23
2023-02-13,-554.53,961.96,-11090.64,19239.28,Feb-23
2023-02-14,-554.53,961.96,-11090.64,19239.28,Feb-23
2023-02-15,-554.53,961.96,-11090.64,19239.28,Feb-23
2023-02-16,-554.53,961.96,-11090.64,19239.28,Feb-23
2023-02-17,-554.53,961.96,-11090.64,19239.28,Feb-23
2023-02-20,-554.53,961.96,-11090.64,19239.28,Feb-23
2023-02-21,-554.53,961.96,-11090.64,19239.28,Feb-23
2023-02-22,-554.53,961.96,-11090.64,19239.28,Feb-23
2023-02-23,-554.53,961.96,-11090.64,19239.28,Feb-23
2023-02-24,-554.53,961.96,-11090.64,19239.28,Feb-23
2023-02-27,-554.53,961.96,-11090.64,19239.28,Feb-23
2023-02-28,-554.53,961.96,-11090.64,19239.28,Feb-23
2023-03-01,86.86,1328.21,1997.7,30548.77,Mar-23
2023-03-02,86.86,1328.21,1997.7,30548.77,Mar-23
2023-03-03,86.86,1328.21,1997.7,30548.77,Mar-23
2023-03-06,86.86,1328.21,1997.7,30548.77,Mar-23
2023-03-07,86.86,1328.21,1997.7,30548.77,Mar-23
2023-03-08,86.86,1328.21,1997.7,30548.77,Mar-23
2023-03-09,86.86,1328.21,1997.7,30548.77,Mar-23
2023-03-10,86.86,1328.21,1997.7,30548.77,Mar-23
2023-03-13,86.86,1328.21,1997.7,30548.77,Mar-23
2023-03-14,86.86,1328.21,1997.7,30548.77,Mar-23
2023-03-15,86.86,1328.21,1997.7,30548.77,Mar-23
2023-03-16,86.86,1328.21,1997.7,30548.77,Mar-23
2023-03-17,86.86,1328.21,1997.7,30548.77,Mar-23
2023-03-20,86.86,1328.21,1997.7,30548.77,Mar-23
2023-03-21,86.86,1328.21,1997.7,30548.77,Mar-23
2023-03-22,86.86,1328.21,1997.7,30548.77,Mar-23
2023-03-23,86.86,1328.21,1997.7,30548.77,Mar-23
2023-03-24,86.86,1328.21,1997.7,30548.77,Mar-23
2023-03-27,86.86,1328.21,1997.7,30548.77,Mar-23
2023-03-28,86.86,1328.21,1997.7,30548.77,Mar-23
2023-03-29,86.86,1328.21,1997.7,30548.77,Mar-23
2023-03-30,86.86,1328.21,1997.7,30548.77,Mar-23
2023-03-31,86.86,1328.21,1997.7,30548.77,Mar-23
2023-04-03,285.59,110.83,5711.8,2216.57,Apr-23
2023-04-04,285.59,110.83,5711.8,2216.57,Apr-23
2023-04-05,285.59,110.83,5711.8,2216.57,Apr-23
2023-04-06,285.59,110.83,5711.8,2216.57,Apr-23
2023-04-07,285.59,110.83,5711.8,2216.57,Apr-23
2023-04-10,285.59,110.83,5711.8,2216.57,Apr-23
2023-04-11,285.59,110.83,5711.8,2216.57,Apr-23
2023-04-12,285.59,110.83,5711.8,2216.57,Apr-23
2023-04-13,285.59,110.83,5711.8,2216.57,Apr-23
2023-04-14,285.59,110.83,5711.8,2216.57,Apr-23
2023-04-17,285.59,110.83,5711.8,2216.57,Apr-23
2023-04-18,285.59,110.83,5711.8,2216.57,Apr-23
2023-04-19,285.59,110.83,5711.8,2216.57,Apr-23
2023-04-20,285.59,110.83,5711.8,2216.57,Apr-23
2023-04-21,285.59,110.83,5711.8,2216.57,Apr-23
2023-04-24,285.59,110.83,5711.8,2216.57,Apr-23
2023-04-25,285.59,110.83,5711.8,2216.57,Apr-23
2023-04-26,285.59,110.83,5711.8,2216.57,Apr-23
2023-04-27,285.59,110.83,5711.8,2216.57,Apr-23
2023-04-28,285.59,110.83,5711.8,2216.57,Apr-23
2023-05-01,1211.15,-143.75,27856.48,-3306.35,May-23
2023-05-02,1211.15,-143.75,27856.48,-3306.35,May-23
2023-05-03,1211.15,-143.75,27856.48,-3306.35,May-23
2023-05-04,1211.15,-143.75,27856.48,-3306.35,May-23
2023-05-05,1211.15,-143.75,27856.48,-3306.35,May-23
2023-05-08,1211.15,-143.75,27856.48,-3306.35,May-23
2023-05-09,1211.15,-143.75,27856.48,-3306.35,May-23
2023-05-10,1211.15,-143.75,27856.48,-3306.35,May-23
2023-05-11,1211.15,-143.75,27856.48,-3306.35,May-23
2023-05-12,1211.15,-143.75,27856.48,-3306.35,May-23
2023-05-15,1211.15,-143.75,27856.48,-3306.35,May-23
2023-05-16,1211.15,-143.75,27856.48,-3306.35,May-23
2023-05-17,1211.15,-143.75,27856.48,-3306.35,May-23
2023-05-18,1211.15,-143.75,27856.48,-3306.35,May-23
2023-05-19,1211.15,-143.75,27856.48,-3306.35,May-23
2023-05-22,1211.15,-143.75,27856.48,-3306.35,May-23
2023-05-23,1211.15,-143.75,27856.48,-3306.35,May-23
2023-05-24,1211.15,-143.75,27856.48,-3306.35,May-23
2023-05-25,1211.15,-143.75,27856.48,-3306.35,May-23
2023-05-26,1211.15,-143.75,27856.48,-3306.35,May-23
2023-05-29,1211.15,-143.75,27856.48,-3306.35,May-23
2023-05-30,1211.15,-143.75,27856.48,-3306.35,May-23
2023-05-31,1211.15,-143.75,27856.48,-3306.35,May-23
2023-06-01,1238.64,202.65,27250.01,4458.23,Jun-23
2023-06-02,1238.64,202.65,27250.01,4458.23,Jun-23
2023-06-05,1238.64,202.65,27250.01,4458.23,Jun-23
2023-06-06,1238.64,202.65,27250.01,4458.23,Jun-23
2023-06-07,1238.64,202.65,27250.01,4458.23,Jun-23
2023-06-08,1238.64,202.65,27250.01,4458.23,Jun-23
2023-06-09,1238.64,202.65,27250.01,4458.23,Jun-23
2023-06-12,1238.64,202.65,27250.01,4458.23,Jun-23
2023-06-13,1238.64,202.65,27250.01,4458.23,Jun-23
2023-06-14,1238.64,202.65,27250.01,4458.23,Jun-23
2023-06-15,1238.64,202.65,27250.01,4458.23,Jun-23
2023-06-16,1238.64,202.65,27250.01,4458.23,Jun-23
2023-06-19,1238.64,202.65,27250.01,4458.23,Jun-23
2023-06-20,1238.64,202.65,27250.01,4458.23,Jun-23
2023-06-21,1238.64,202.65,27250.01,4458.23,Jun-23
2023-06-22,1238.64,202.65,27250.01,4458.23,Jun-23
2023-06-23,1238.64,202.65,27250.01,4458.23,Jun-23
2023-06-26,1238.64,202.65,27250.01,4458.23,Jun-23
2023-06-27,1238.64,202.65,27250.01,4458.23,Jun-23
2023-06-28,1238.64,202.65,27250.01,4458.23,Jun-23
2023-06-29,1238.64,202.65,27250.01,4458.23,Jun-23
2023-06-30,1238.64,202.65,27250.01,4458.23,Jun-23
2023-07-03,662.95,-56.4,13922.01,-1184.33,Jul-23
2023-07-04,662.95,-56.4,13922.01,-1184.33,Jul-23
2023-07-05,662.95,-56.4,13922.01,-1184.33,Jul-23
2023-07-06,662.95,-56.4,13922.01,-1184.33,Jul-23
2023-07-07,662.95,-56.4,13922.01,-1184.33,Jul-23
2023-07-10,662.95,-56.4,13922.01,-1184.33,Jul-23
2023-07-11,662.95,-56.4,13922.01,-1184.33,Jul-23
2023-07-12,662.95,-56.4,13922.01,-1184.33,Jul-23
2023-07-13,662.95,-56.4,13922.01,-1184.33,Jul-23
2023-07-14,662.95,-56.4,13922.01,-1184.33,Jul-23
2023-07-17,662.95,-56.4,13922.01,-1184.33,Jul-23
2023-07-18,662.95,-56.4,13922.01,-1184.33,Jul-23
2023-07-19,662.95,-56.4,13922.01,-1184.33,Jul-23
2023-07-20,662.95,-56.4,13922.01,-1184.33,Jul-23
2023-07-21,662.95,-56.4,13922.01,-1184.33,Jul-23
2023-07-24,662.95,-56.4,13922.01,-1184.33,Jul-23
2023-07-25,662.95,-56.4,13922.01,-1184.33,Jul-23
2023-07-26,662.95,-56.4,13922.01,-1184.33,Jul-23
2023-07-27,662.95,-56.4,13922.01,-1184.33,Jul-23
2023-07-28,662.95,-56.4,13922.01,-1184.33,Jul-23
2023-07-31,662.95,-56.4,13922.01,-1184.33,Jul-23
2023-08-01,-896.55,1087.69,-20620.65,25016.95,Aug-23
2023-08-02,-896.55,1087.69,-20620.65,25016.95,Aug-23
2023-08-03,-896.55,1087.69,-20620.65,25016.95,Aug-23
2023-08-04,-896.55,1087.69,-20620.65,25016.95,Aug-23
2023-08-07,-896.55,1087.69,-20620.65,25016.95,Aug-23
2023-08-08,-896.55,1087.69,-20620.65,25016.95,Aug-23
2023-08-09,-896.55,1087.69,-20620.65,25016.95,Aug-23
2023-08-10,-896.55,1087.69,-20620.65,25016.95,Aug-23
2023-08-11,-896.55,1087.69,-20620.65,25016.95,Aug-23
2023-08-14,-896.55,1087.69,-20620.65,25016.95,Aug-23
2023-08-15,-896.55,1087.69,-20620.65,25016.95,Aug-23
2023-08-16,-896.55,1087.69,-20620.65,25016.95,Aug-23
2023-08-17,-896.55,1087.69,-20620.65,25016.95,Aug-23
2023-08-18,-896.55,1087.69,-20620.65,25016.95,Aug-23
2023-08-21,-896.55,1087.69,-20620.65,25016.95,Aug-23
2023-08-22,-896.55,1087.69,-20620.65,25016.95,Aug-23
2023-08-23,-896.55,1087.69,-20620.65,25016.95,Aug-23
2023-08-24,-896.55,1087.69,-20620.65,25016.95,Aug-23
2023-08-25,-896.55,1087.69,-20620.65,25016.95,Aug-23
2023-08-28,-896.55,1087.69,-20620.65,25016.95,Aug-23
2023-08-29,-896.55,1087.69,-20620.65,25016.95,Aug-23
2023-08-30,-896.55,1087.69,-20620.65,25016.95,Aug-23
2023-08-31,-896.55,1087.69,-20620.65,25016.95,Aug-23
2023-09-01,-1271.06,967.27,-26692.16,20312.65,Sep-23
2023-09-04,-1271.06,967.27,-26692.16,20312.65,Sep-23
2023-09-05,-1271.06,967.27,-26692.16,20312.65,Sep-23
2023-09-06,-1271.06,967.27,-26692.16,20312.65,Sep-23
2023-09-07,-1271.06,967.27,-26692.16,20312.65,Sep-23
2023-09-08,-1271.06,967.27,-26692.16,20312.65,Sep-23
2023-09-11,-1271.06,967.27,-26692.16,20312.65,Sep-23
2023-09-12,-1271.06,967.27,-26692.16,20312.65,Sep-23
2023-09-13,-1271.06,967.27,-26692.16,20312.65,Sep-23
2023-09-14,-1271.06,967.27,-26692.16,20312.65,Sep-23
2023-09-15,-1271.06,967.27,-26692.16,20312.65,Sep-23
2023-09-18,-1271.06,967.27,-26692.16,20312.65,Sep-23
2023-09-19,-1271.06,967.27,-26692.16,20312.65,Sep-23
2023-09-20,-1271.06,967.27,-26692.16,20312.65,Sep-23
2023-09-21,-1271.06,967.27,-26692.16,20312.65,Sep-23
2023-09-22,-1271.06,967.27,-26692.16,20312.65,Sep-23
2023-09-25,-1271.06,967.27,-26692.16,20312.65,Sep-23
2023-09-26,-1271.06,967.27,-26692.16,20312.65,Sep-23
2023-09-27,-1271.06,967.27,-26692.16,20312.65,Sep-23
2023-09-28,-1271.06,967.27,-26692.16,20312.65,Sep-23
2023-09-29,-1271.06,967.27,-26692.16,20312.65,Sep-23
2023-10-02,-1320.76,1141.18,-29056.61,25105.86,Oct-23
2023-10-03,-1320.76,1141.18,-29056.61,25105.86,Oct-23
2023-10-04,-1320.76,1141.18,-29056.61,25105.86,Oct-23
2023-10-05,-1320.76,1141.18,-29056.61,25105.86,Oct-23
2023-10-06,-1320.76,1141.18,-29056.61,25105.86,Oct-23
2023-10-09,-1320.76,1141.18,-29056.61,25105.86,Oct-23
2023-10-10,-1320.76,1141.18,-29056.61,25105.86,Oct-23
2023-10-11,-1320.76,1141.18,-29056.61,25105.86,Oct-23
2023-10-12,-1320.76,1141.18,-29056.61,25105.86,Oct-23
2023-10-13,-1320.76,1141.18,-29056.61,25105.86,Oct-23
2023-10-16,-1320.76,1141.18,-29056.61,25105.86,Oct-23
2023-10-17,-1320.76,1141.18,-29056.61,25105.86,Oct-23
2023-10-18,-1320.76,1141.18,-29056.61,25105.86,Oct-23
2023-10-19,-1320.76,1141.18,-29056.61,25105.86,Oct-23
2023-10-20,-1320.76,1141.18,-29056.61,25105.86,Oct-23
2023-10-23,-1320.76,1141.18,-29056.61,25105.86,Oct-23
2023-10-24,-1320.76,1141.18,-29056.61,25105.86,Oct-23
2023-10-25,-1320.76,1141.18,-29056.61,25105.86,Oct-23
2023-10-26,-1320.76,1141.18,-29056.61,25105.86,Oct-23
2023-10-27,-1320.76,1141.18,-29056.61,25105.86,Oct-23
2023-10-30,-1320.76,1141.18,-29056.61,25105.86,Oct-23
2023-10-31,-1320.76,1141.18,-29056.61,25105.86,Oct-23
2023-11-01,177.36,578.2,3901.82,12720.36,Nov-23
2023-11-02,177.36,578.2,3901.82,12720.36,Nov-23
2023-11-03,177.36,578.2,3901.82,12720.36,Nov-23
2023-11-06,177.36,578.2,3901.82,12720.36,Nov-23
2023-11-07,177.36,578.2,3901.82,12720.36,Nov-23
2023-11-08,177.36,578.2,3901.82,12720.36,Nov-23
2023-11-09,177.36,578.2,3901.82,12720.36,Nov-23
2023-11-10,177.36,578.2,3901.82,12720.36,Nov-23
2023-11-13,177.36,578.2,3901.82,12720.36,Nov-23
2023-11-14,177.36,578.2,3901.82,12720.36,Nov-23
2023-11-15,177.36,578.2,3901.82,12720.36,Nov-23
2023-11-16,177.36,578.2,3901.82,12720.36,Nov-23
2023-11-17,177.36,578.2,3901.82,12720.36,Nov-23
2023-11-20,177.36,578.2,3901.82,12720.36,Nov-23
2023-11-21,177.36,578.2,3901.82,12720.36,Nov-23
2023-11-22,177.36,578.2,3901.82,12720.36,Nov-23
2023-11-23,177.36,578.2,3901.82,12720.36,Nov-23
2023-11-24,177.36,578.2,3901.82,12720.36,Nov-23
2023-11-27,177.36,578.2,3901.82,12720.36,Nov-23
2023-11-28,177.36,578.2,3901.82,12720.36,Nov-23
2023-11-29,177.36,578.2,3901.82,12720.36,Nov-23
2023-11-30,177.36,578.2,3901.82,12720.36,Nov-23
2023-12-01,1521.89,616.3,31959.78,12942.25,Dec-23
2023-12-04,1521.89,616.3,31959.78,12942.25,Dec-23
2023-12-05,1521.89,616.3,31959.78,12942.25,Dec-23
2023-12-06,1521.89,616.3,31959.78,12942.25,Dec-23
2023-12-07,1521.89,616.3,31959.78,12942.25,Dec-23
2023-12-08,1521.89,616.3,31959.78,12942.25,Dec-23
2023-12-11,1521.89,616.3,31959.78,12942.25,Dec-23
2023-12-12,1521.89,616.3,31959.78,12942.25,Dec-23
2023-12-13,1521.89,616.3,31959.78,12942.25,Dec-23
2023-12-14,1521.89,616.3,31959.78,12942.25,Dec-23
2023-12-15,1521.89,616.3,31959.78,12942.25,Dec-23
2023-12-18,1521.89,616.3,31959.78,12942.25,Dec-23
2023-12-19,1521.89,616.3,31959.78,12942.25,Dec-23
2023-12-20,1521.89,616.3,31959.78,12942.25,Dec-23
2023-12-21,1521.89,616.3,31959.78,12942.25,Dec-23
2023-12-22,1521.89,616.3,31959.78,12942.25,Dec-23
2023-12-25,1521.89,616.3,31959.78,12942.25,Dec-23
2023-12-26,1521.89,616.3,31959.78,12942.25,Dec-23
2023-12-27,1521.89,616.3,31959.78,12942.25,Dec-23
2023-12-28,1521.89,616.3,31959.78,12942.25,Dec-23
2023-12-29,1521.89,616.3,31959.78,12942.25,Dec-23
2024-01-01,-1564.26,1162.77,-35977.87,26743.63,Jan-24
2024-01-02,-1564.26,1162.77,-35977.87,26743.63,Jan-24
2024-01-03,-1564.26,1162.77,-35977.87,26743.63,Jan-24
2024-01-04,-1564.26,1162.77,-35977.87,26743.63,Jan-24
2024-01-05,-1564.26,1162.77,-35977.87,26743.63,Jan-24
2024-01-08,-1564.26,1162.77,-35977.87,26743.63,Jan-24
2024-01-09,-1564.26,1162.77,-35977.87,26743.63,Jan-24
2024-01-10,-1564.26,1162.77,-35977.87,26743.63,Jan-24
2024-01-11,-1564.26,1162.77,-35977.87,26743.63,Jan-24
2024-01-12,-1564.26,1162.77,-35977.87,26743.63,Jan-24
2024-01-15,-1564.26,1162.77,-35977.87,26743.63,Jan-24
2024-01-16,-1564.26,1162.77,-35977.87,26743.63,Jan-24
2024-01-17,-1564.26,1162.77,-35977.87,26743.63,Jan-24
2024-01-18,-1564.26,1162.77,-35977.87,26743.63,Jan-24
2024-01-19,-1564.26,1162.77,-35977.87,26743.63,Jan-24
2024-01-22,-1564.26,1162.77,-35977.87,26743.63,Jan-24
2024-01-23,-1564.26,1162.77,-35977.87,26743.63,Jan-24
2024-01-24,-1564.26,1162.77,-35977.87,26743.63,Jan-24
2024-01-25,-1564.26,1162.77,-35977.87,26743.63,Jan-24
2024-01-26,-1564.26,1162.77,-35977.87,26743.63,Jan-24
2024-01-29,-1564.26,1162.77,-35977.87,26743.63,Jan-24
2024-01-30,-1564.26,1162.77,-35977.87,26743.63,Jan-24
2024-01-31,-1564.26,1162.77,-35977.87,26743.63,Jan-24
2024-02-01,-760.13,1208.54,-15962.72,25379.3,Feb-24
2024-02-02,-760.13,1208.54,-15962.72,25379.3,Feb-24
2024-02-05,-760.13,1208.54,-15962.72,25379.3,Feb-24
2024-02-06,-760.13,1208.54,-15962.72,25379.3,Feb-24
2024-02-07,-760.13,1208.54,-15962.72,25379.3,Feb-24
2024-02-08,-760.13,1208.54,-15962.72,25379.3,Feb-24
2024-02-09,-760.13,1208.54,-15962.72,25379.3,Feb-24
2024-02-12,-760.13,1208.54,-15962.72,25379.3,Feb-24
2024-02-13,-760.13,1208.54,-15962.72,25379.3,Feb-24
2024-02-14,-760.13,1208.54,-15962.72,25379.3,Feb-24
2024-02-15,-760.13,1208.54,-15962.72,25379.3,Feb-24
2024-02-16,-760.13,1208.54,-15962.72,25379.3,Feb-24
2024-02-19,-760.13,1208.54,-15962.72,25379.3,Feb-24
2024-02-20,-760.13,1208.54,-15962.72,25379.3,Feb-24
2024-02-21,-760.13,1208.54,-15962.72,25379.3,Feb-24
2024-02-22,-760.13,1208.54,-15962.72,25379.3,Feb-24
2024-02-23,-760.13,1208.54,-15962.72,25379.3,Feb-24
2024-02-26,-760.13,1208.54,-15962.72,25379.3,Feb-24
2024-02-27,-760.13,1208.54,-15962.72,25379.3,Feb-24
2024-02-28,-760.13,1208.54,-15962.72,25379.3,Feb-24
2024-02-29,-760.13,1208.54,-15962.72,25379.3,Feb-24
2024-03-01,157.83,2681.5,3314.47,56311.6,Mar-24
2024-03-04,157.83,2681.5,3314.47,56311.6,Mar-24
2024-03-05,157.83,2681.5,3314.47,56311.6,Mar-24
2024-03-06,157.83,2681.5,3314.47,56311.6,Mar-24
2024-03-07,157.83,2681.5,3314.47,56311.6,Mar-24
2024-03-08,157.83,2681.5,3314.47,56311.6,Mar-24
2024-03-11,157.83,2681.5,3314.47,56311.6,Mar-24
2024-03-12,157.83,2681.5,3314.47,56311.6,Mar-24
2024-03-13,157.83,2681.5,3314.47,56311.6,Mar-24
2024-03-14,157.83,2681.5,3314.47,56311.6,Mar-24
2024-03-15,157.83,2681.5,3314.47,56311.6,Mar-24
2024-03-18,157.83,2681.5,3314.47,56311.6,Mar-24
2024-03-19,157.83,2681.5,3314.47,56311.6,Mar-24
2024-03-20,157.83,2681.5,3314.47,56311.6,Mar-24
2024-03-21,157.83,2681.5,3314.47,56311.6,Mar-24
2024-03-22,157.83,2681.5,3314.47,56311.6,Mar-24
2024-03-25,157.83,2681.5,3314.47,56311.6,Mar-24
2024-03-26,157.83,2681.5,3314.47,56311.6,Mar-24
2024-03-27,157.83,2681.5,3314.47,56311.6,Mar-24
2024-03-28,157.83,2681.5,3314.47,56311.6,Mar-24
2024-03-29,157.83,2681.5,3314.47,56311.6,Mar-24
2024-04-01,-1622.37,2008.47,-35692.19,44186.28,Apr-24
2024-04-02,-1622.37,2008.47,-35692.19,44186.28,Apr-24
2024-04-03,-1622.37,2008.47,-35692.19,44186.28,Apr-24
2024-04-04,-1622.37,2008.47,-35692.19,44186.28,Apr-24
2024-04-05,-1622.37,2008.47,-35692.19,44186.28,Apr-24
2024-04-08,-1622.37,2008.47,-35692.19,44186.28,Apr-24
2024-04-09,-1622.37,2008.47,-35692.19,44186.28,Apr-24
2024-04-10,-1622.37,2008.47,-35692.19,44186.28,Apr-24
2024-04-11,-1622.37,2008.47,-35692.19,44186.28,Apr-24
2024-04-12,-1622.37,2008.47,-35692.19,44186.28,Apr-24
2024-04-15,-1622.37,2008.47,-35692.19,44186.28,Apr-24
2024-04-16,-1622.37,2008.47,-35692.19,44186.28,Apr-24
2024-04-17,-1622.37,2008.47,-35692.19,44186.28,Apr-24
2024-04-18,-1622.37,2008.47,-35692.19,44186.28,Apr-24
2024-04-19,-1622.37,2008.47,-35692.19,44186.28,Apr-24
2024-04-22,-1622.37,2008.47,-35692.19,44186.28,Apr-24
2024-04-23,-1622.37,2008.47,-35692.19,44186.28,Apr-24
2024-04-24,-1622.37,2008.47,-35692.19,44186.28,Apr-24
2024-04-25,-1622.37,2008.47,-35692.19,44186.28,Apr-24
2024-04-26,-1622.37,2008.47,-35692.19,44186.28,Apr-24
2024-04-29,-1622.37,2008.47,-35692.19,44186.28,Apr-24
2024-04-30,-1622.37,2008.47,-35692.19,44186.28,Apr-24
2024-05-01,-1835.4,2423.18,-42214.28,55733.04,May-24
2024-05-02,-1835.4,2423.18,-42214.28,55733.04,May-24
2024-05-03,-1835.4,2423.18,-42214.28,55733.04,May-24
2024-05-06,-1835.4,2423.18,-42214.28,55733.04,May-24
2024-05-07,-1835.4,2423.18,-42214.28,55733.04,May-24
2024-05-08,-1835.4,2423.18,-42214.28,55733.04,May-24
2024-05-09,-1835.4,2423.18,-42214.28,55733.04,May-24
2024-05-10,-1835.4,2423.18,-42214.28,55733.04,May-24
2024-05-13,-1835.4,2423.18,-42214.28,55733.04,May-24
2024-05-14,-1835.4,2423.18,-42214.28,55733.04,May-24
2024-05-15,-1835.4,2423.18,-42214.28,55733.04,May-24
2024-05-16,-1835.4,2423.18,-42214.28,55733.04,May-24
2024-05-17,-1835.4,2423.18,-42214.28,55733.04,May-24
2024-05-20,-1835.4,2423.18,-42214.28,55733.04,May-24
2024-05-21,-1835.4,2423.18,-42214.28,55733.04,May-24
2024-05-22,-1835.4,2423.18,-42214.28,55733.04,May-24
2024-05-23,-1835.4,2423.18,-42214.28,55733.04,May-24
2024-05-24,-1835.4,2423.18,-42214.28,55733.04,May-24
2024-05-27,-1835.4,2423.18,-42214.28,55733.04,May-24
2024-05-28,-1835.4,2423.18,-42214.28,55733.04,May-24
2024-05-29,-1835.4,2423.18,-42214.28,55733.04,May-24
2024-05-30,-1835.4,2423.18,-42214.28,55733.04,May-24
2024-05-31,-1835.4,2423.18,-42214.28,55733.04,May-24
2024-06-03,101.87,1431.66,2037.47,28633.15,Jun-24
2024-06-04,101.87,1431.66,2037.47,28633.15,Jun-24
2024-06-05,101.87,1431.66,2037.47,28633.15,Jun-24
2024-06-06,101.87,1431.66,2037.47,28633.15,Jun-24
2024-06-07,101.87,1431.66,2037.47,28633.15,Jun-24
2024-06-10,101.87,1431.66,2037.47,28633.15,Jun-24
2024-06-11,101.87,1431.66,2037.47,28633.15,Jun-24
2024-06-12,101.87,1431.66,2037.47,28633.15,Jun-24
2024-06-13,101.87,1431.66,2037.47,28633.15,Jun-24
2024-06-14,101.87,1431.66,2037.47,28633.15,Jun-24
2024-06-17,101.87,1431.66,2037.47,28633.15,Jun-24
2024-06-18,101.87,1431.66,2037.47,28633.15,Jun-24
2024-06-19,101.87,1431.66,2037.47,28633.15,Jun-24
2024-06-20,101.87,1431.66,2037.47,28633.15,Jun-24
2024-06-21,101.87,1431.66,2037.47,28633.15,Jun-24
2024-06-24,101.87,1431.66,2037.47,28633.15,Jun-24
2024-06-25,101.87,1431.66,2037.47,28633.15,Jun-24
2024-06-26,101.87,1431.66,2037.47,28633.15,Jun-24
2024-06-27,101.87,1431.66,2037.47,28633.15,Jun-24
2024-06-28,101.87,1431.66,2037.47,28633.15,Jun-24
2024-07-01,235.12,1021.13,5407.83,23486.02,Jul-24
2024-07-02,235.12,1021.13,5407.83,23486.02,Jul-24
2024-07-03,235.12,1021.13,5407.83,23486.02,Jul-24
2024-07-04,235.12,1021.13,5407.83,23486.02,Jul-24
2024-07-05,235.12,1021.13,5407.83,23486.02,Jul-24
2024-07-08,235.12,1021.13,5407.83,23486.02,Jul-24
2024-07-09,235.12,1021.13,5407.83,23486.02,Jul-24
2024-07-10,235.12,1021.13,5407.83,23486.02,Jul-24
2024-07-11,235.12,1021.13,5407.83,23486.02,Jul-24
2024-07-12,235.12,1021.13,5407.83,23486.02,Jul-24
2024-07-15,235.12,1021.13,5407.83,23486.02,Jul-24
2024-07-16,235.12,1021.13,5407.83,23486.02,Jul-24
2024-07-17,235.12,1021.13,5407.83,23486.02,Jul-24
2024-07-18,235.12,1021.13,5407.83,23486.02,Jul-24
2024-07-19,235.12,1021.13,5407.83,23486.02,Jul-24
2024-07-22,235.12,1021.13,5407.83,23486.02,Jul-24
2024-07-23,235.12,1021.13,5407.83,23486.02,Jul-24
2024-07-24,235.12,1021.13,5407.83,23486.02,Jul-24
2024-07-25,235.12,1021.13,5407.83,23486.02,Jul-24
2024-07-26,235.12,1021.13,5407.83,23486.02,Jul-24
2024-07-29,235.12,1021.13,5407.83,23486.02,Jul-24
2024-07-30,235.12,1021.13,5407.83,23486.02,Jul-24
2024-07-31,235.12,1021.13,5407.83,23486.02,Jul-24
2024-08-01,-924.51,2280.68,-20339.26,50174.86,Aug-24
2024-08-02,-924.51,2280.68,-20339.26,50174.86,Aug-24
2024-08-05,-924.51,2280.68,-20339.26,50174.86,Aug-24
2024-08-06,-924.51,2280.68,-20339.26,50174.86,Aug-24
2024-08-07,-924.51,2280.68,-20339.26,50174.86,Aug-24
2024-08-08,-924.51,2280.68,-20339.26,50174.86,Aug-24
2024-08-09,-924.51,2280.68,-20339.26,50174.86,Aug-24
2024-08-12,-924.51,2280.68,-20339.26,50174.86,Aug-24
2024-08-13,-924.51,2280.68,-20339.26,50174.86,Aug-24
2024-08-14,-924.51,2280.68,-20339.26,50174.86,Aug-24
2024-08-15,-924.51,2280.68,-20339.26,50174.86,Aug-24
2024-08-16,-924.51,2280.68,-20339.26,50174.86,Aug-24
2024-08-19,-924.51,2280.68,-20339.26,50174.86,Aug-24
2024-08-20,-924.51,2280.68,-20339.26,50174.86,Aug-24
2024-08-21,-924.51,2280.68,-20339.26,50174.86,Aug-24
2024-08-22,-924.51,2280.68,-20339.26,50174.86,Aug-24
2024-08-23,-924.51,2280.68,-20339.26,50174.86,Aug-24
2024-08-26,-924.51,2280.68,-20339.26,50174.86,Aug-24
2024-08-27,-924.51,2280.68,-20339.26,50174.86,Aug-24
2024-08-28,-924.51,2280.68,-20339.26,50174.86,Aug-24
2024-08-29,-924.51,2280.68,-20339.26,50174.86,Aug-24
2024-08-30,-924.51,2280.68,-20339.26,50174.86,Aug-24
2024-09-02,600.56,1469.4,12611.79,30857.3,Sep-24
2024-09-03,600.56,1469.4,12611.79,30857.3,Sep-24
2024-09-04,600.56,1469.4,12611.79,30857.3,Sep-24
2024-09-05,600.56,1469.4,12611.79,30857.3,Sep-24
2024-09-06,600.56,1469.4,12611.79,30857.3,Sep-24
2024-09-09,600.56,1469.4,12611.79,30857.3,Sep-24
2024-09-10,600.56,1469.4,12611.79,30857.3,Sep-24
2024-09-11,600.56,1469.4,12611.79,30857.3,Sep-24
2024-09-12,600.56,1469.4,12611.79,30857.3,Sep-24
2024-09-13,600.56,1469.4,12611.79,30857.3,Sep-24
2024-09-16,600.56,1469.4,12611.79,30857.3,Sep-24
2024-09-17,600.56,1469.4,12611.79,30857.3,Sep-24
2024-09-18,600.56,1469.4,12611.79,30857.3,Sep-24
2024-09-19,600.56,1469.4,12611.79,30857.3,Sep-24
2024-09-20,600.56,1469.4,12611.79,30857.3,Sep-24
2024-09-23,600.56,1469.4,12611.79,30857.3,Sep-24
2024-09-24,600.56,1469.4,12611.79,30857.3,Sep-24
2024-09-25,600.56,1469.4,12611.79,30857.3,Sep-24
2024-09-26,600.56,1469.4,12611.79,30857.3,Sep-24
2024-09-27,600.56,1469.4,12611.79,30857.3,Sep-24
2024-09-30,600.56,1469.4,12611.79,30857.3,Sep-24
2024-10-01,-4975.91,4663.25,-114445.89,107254.68,Oct-24
2024-10-02,-4975.91,4663.25,-114445.89,107254.68,Oct-24
2024-10-03,-4975.91,4663.25,-114445.89,107254.68,Oct-24
2024-10-04,-4975.91,4663.25,-114445.89,107254.68,Oct-24
2024-10-07,-4975.91,4663.25,-114445.89,107254.68,Oct-24
2024-10-08,-4975.91,4663.25,-114445.89,107254.68,Oct-24
2024-10-09,-4975.91,4663.25,-114445.89,107254.68,Oct-24
2024-10-10,-4975.91,4663.25,-114445.89,107254.68,Oct-24
2024-10-11,-4975.91,4663.25,-114445.89,107254.68,Oct-24
2024-10-14,-4975.91,4663.25,-114445.89,107254.68,Oct-24
2024-10-15,-4975.91,4663.25,-114445.89,107254.68,Oct-24
2024-10-16,-4975.91,4663.25,-114445.89,107254.68,Oct-24
2024-10-17,-4975.91,4663.25,-114445.89,107254.68,Oct-24
2024-10-18,-4975.91,4663.25,-114445.89,107254.68,Oct-24
2024-10-21,-4975.91,4663.25,-114445.89,107254.68,Oct-24
2024-10-22,-4975.91,4663.25,-114445.89,107254.68,Oct-24
2024-10-23,-4975.91,4663.25,-114445.89,107254.68,Oct-24
2024-10-24,-4975.91,4663.25,-114445.89,107254.68,Oct-24
2024-10-25,-4975.91,4663.25,-114445.89,107254.68,Oct-24
2024-10-28,-4975.91,4663.25,-114445.89,107254.68,Oct-24
2024-10-29,-4975.91,4663.25,-114445.89,107254.68,Oct-24
2024-10-30,-4975.91,4663.25,-114445.89,107254.68,Oct-24
2024-10-31,-4975.91,4663.25,-114445.89,107254.68,Oct-24
2024-11-01,-2189.24,2118.28,-45974.12,44483.86,Nov-24
2024-11-04,-2189.24,2118.28,-45974.12,44483.86,Nov-24
2024-11-05,-2189.24,2118.28,-45974.12,44483.86,Nov-24
2024-11-06,-2189.24,2118.28,-45974.12,44483.86,Nov-24
2024-11-07,-2189.24,2118.28,-45974.12,44483.86,Nov-24
2024-11-08,-2189.24,2118.28,-45974.12,44483.86,Nov-24
2024-11-11,-2189.24,2118.28,-45974.12,44483.86,Nov-24
2024-11-12,-2189.24,2118.28,-45974.12,44483.86,Nov-24
2024-11-13,-2189.24,2118.28,-45974.12,44483.86,Nov-24
2024-11-14,-2189.24,2118.28,-45974.12,44483.86,Nov-24
2024-11-15,-2189.24,2118.28,-45974.12,44483.86,Nov-24
2024-11-18,-2189.24,2118.28,-45974.12,44483.86,Nov-24
2024-11-19,-2189.24,2118.28,-45974.12,44483.86,Nov-24
2024-11-20,-2189.24,2118.28,-45974.12,44483.86,Nov-24
2024-11-21,-2189.24,2118.28,-45974.12,44483.86,Nov-24
2024-11-22,-2189.24,2118.28,-45974.12,44483.86,Nov-24
2024-11-25,-2189.24,2118.28,-45974.12,44483.86,Nov-24
2024-11-26,-2189.24,2118.28,-45974.12,44483.86,Nov-24
2024-11-27,-2189.24,2118.28,-45974.12,44483.86,Nov-24
2024-11-28,-2189.24,2118.28,-45974.12,44483.86,Nov-24
2024-11-29,-2189.24,2118.28,-45974.12,44483.86,Nov-24
2024-12-02,-771.93,1554.31,-16982.48,34194.73,Dec-24
2024-12-03,-771.93,1554.31,-16982.48,34194.73,Dec-24
2024-12-04,-771.93,1554.31,-16982.48,34194.73,Dec-24
2024-12-05,-771.93,1554.31,-16982.48,34194.73,Dec-24
2024-12-06,-771.93,1554.31,-16982.48,34194.73,Dec-24
2024-12-09,-771.93,1554.31,-16982.48,34194.73,Dec-24
2024-12-10,-771.93,1554.31,-16982.48,34194.73,Dec-24
2024-12-11,-771.93,1554.31,-16982.48,34194.73,Dec-24
2024-12-12,-771.93,1554.31,-16982.48,34194.73,Dec-24
2024-12-13,-771.93,1554.31,-16982.48,34194.73,Dec-24
2024-12-16,-771.93,1554.31,-16982.48,34194.73,Dec-24
2024-12-17,-771.93,1554.31,-16982.48,34194.73,Dec-24
2024-12-18,-771.93,1554.31,-16982.48,34194.73,Dec-24
2024-12-19,-771.93,1554.31,-16982.48,34194.73,Dec-24
2024-12-20,-771.93,1554.31,-16982.48,34194.73,Dec-24
2024-12-23,-771.93,1554.31,-16982.48,34194.73,Dec-24
2024-12-24,-771.93,1554.31,-16982.48,34194.73,Dec-24
2024-12-25,-771.93,1554.31,-16982.48,34194.73,Dec-24
2024-12-26,-771.93,1554.31,-16982.48,34194.73,Dec-24
2024-12-27,-771.93,1554.31,-16982.48,34194.73,Dec-24
2024-12-30,-771.93,1554.31,-16982.48,34194.73,Dec-24
2024-12-31,-771.93,1554.31,-16982.48,34194.73,Dec-24
2025-01-01,-3798.9,3764.86,-87374.66,86591.8,Jan-25
2025-01-02,-3798.9,3764.86,-87374.66,86591.8,Jan-25
2025-01-03,-3798.9,3764.86,-87374.66,86591.8,Jan-25
2025-01-06,-3798.9,3764.86,-87374.66,86591.8,Jan-25
2025-01-07,-3798.9,3764.86,-87374.66,86591.8,Jan-25
2025-01-08,-3798.9,3764.86,-87374.66,86591.8,Jan-25
2025-01-09,-3798.9,3764.86,-87374.66,86591.8,Jan-25
2025-01-10,-3798.9,3764.86,-87374.66,86591.8,Jan-25
2025-01-13,-3798.9,3764.86,-87374.66,86591.8,Jan-25
2025-01-14,-3798.9,3764.86,-87374.66,86591.8,Jan-25
2025-01-15,-3798.9,3764.86,-87374.66,86591.8,Jan-25
2025-01-16,-3798.9,3764.86,-87374.66,86591.8,Jan-25
2025-01-17,-3798.9,3764.86,-87374.66,86591.8,Jan-25
2025-01-20,-3798.9,3764.86,-87374.66,86591.8,Jan-25
2025-01-21,-3798.9,3764.86,-87374.66,86591.8,Jan-25
2025-01-22,-3798.9,3764.86,-87374.66,86591.8,Jan-25
2025-01-23,-3798.9,3764.86,-87374.66,86591.8,Jan-25
2025-01-24,-3798.9,3764.86,-87374.66,86591.8,Jan-25
2025-01-27,-3798.9,3764.86,-87374.66,86591.8,Jan-25
2025-01-28,-3798.9,3764.86,-87374.66,86591.8,Jan-25
2025-01-29,-3798.9,3764.86,-87374.66,86591.8,Jan-25
2025-01-30,-3798.9,3764.86,-87374.66,86591.8,Jan-25
2025-01-31,-3798.9,3764.86,-87374.66,86591.8,Jan-25
2025-02-03,-2949.4,3242.66,-58988.08,64853.19,Feb-25
2025-02-04,-2949.4,3242.66,-58988.08,64853.19,Feb-25
2025-02-05,-2949.4,3242.66,-58988.08,64853.19,Feb-25
2025-02-06,-2949.4,3242.66,-58988.08,64853.19,Feb-25
2025-02-07,-2949.4,3242.66,-58988.08,64853.19,Feb-25
2025-02-10,-2949.4,3242.66,-58988.08,64853.19,Feb-25
2025-02-11,-2949.4,3242.66,-58988.08,64853.19,Feb-25
2025-02-12,-2949.4,3242.66,-58988.08,64853.19,Feb-25
2025-02-13,-2949.4,3242.66,-58988.08,64853.19,Feb-25
2025-02-14,-2949.4,3242.66,-58988.08,64853.19,Feb-25
2025-02-17,-2949.4,3242.66,-58988.08,64853.19,Feb-25
2025-02-18,-2949.4,3242.66,-58988.08,64853.19,Feb-25
2025-02-19,-2949.4,3242.66,-58988.08,64853.19,Feb-25
2025-02-20,-2949.4,3242.66,-58988.08,64853.19,Feb-25
2025-02-21,-2949.4,3242.66,-58988.08,64853.19,Feb-25
2025-02-24,-2949.4,3242.66,-58988.08,64853.19,Feb-25
2025-02-25,-2949.4,3242.66,-58988.08,64853.19,Feb-25
2025-02-26,-2949.4,3242.66,-58988.08,64853.19,Feb-25
2025-02-27,-2949.4,3242.66,-58988.08,64853.19,Feb-25
2025-02-28,-2949.4,3242.66,-58988.08,64853.19,Feb-25
2025-03-03,95.91,1789.79,2014.18,37585.68,Mar-25
2025-03-04,95.91,1789.79,2014.18,37585.68,Mar-25
2025-03-05,95.91,1789.79,2014.18,37585.68,Mar-25
2025-03-06,95.91,1789.79,2014.18,37585.68,Mar-25
2025-03-07,95.91,1789.79,2014.18,37585.68,Mar-25
2025-03-10,95.91,1789.79,2014.18,37585.68,Mar-25
2025-03-11,95.91,1789.79,2014.18,37585.68,Mar-25
2025-03-12,95.91,1789.79,2014.18,37585.68,Mar-25
2025-03-13,95.91,1789.79,2014.18,37585.68,Mar-25
2025-03-14,95.91,1789.79,2014.18,37585.68,Mar-25
2025-03-17,95.91,1789.79,2014.18,37585.68,Mar-25
2025-03-18,95.91,1789.79,2014.18,37585.68,Mar-25
2025-03-19,95.91,1789.79,2014.18,37585.68,Mar-25
2025-03-20,95.91,1789.79,2014.18,37585.68,Mar-25
2025-03-21,95.91,1789.79,2014.18,37585.68,Mar-25
2025-03-24,95.91,1789.79,2014.18,37585.68,Mar-25
2025-03-25,95.91,1789.79,2014.18,37585.68,Mar-25
2025-03-26,95.91,1789.79,2014.18,37585.68,Mar-25
2025-03-27,95.91,1789.79,2014.18,37585.68,Mar-25
2025-03-28,95.91,1789.79,2014.18,37585.68,Mar-25
2025-03-31,95.91,1789.79,2014.18,37585.68,Mar-25
2025-04-01,124.32,1283.11,2735.02,28228.45,Apr-25
2025-04-02,124.32,1283.11,2735.02,28228.45,Apr-25
2025-04-03,124.32,1283.11,2735.02,28228.45,Apr-25
2025-04-04,124.32,1283.11,2735.02,28228.45,Apr-25
2025-04-07,124.32,1283.11,2735.02,28228.45,Apr-25
2025-04-08,124.32,1283.11,2735.02,28228.45,Apr-25
2025-04-09,124.32,1283.11,2735.02,28228.45,Apr-25
2025-04-10,124.32,1283.11,2735.02,28228.45,Apr-25
2025-04-11,124.32,1283.11,2735.02,28228.45,Apr-25
2025-04-14,124.32,1283.11,2735.02,28228.45,Apr-25
2025-04-15,124.32,1283.11,2735.02,28228.45,Apr-25
2025-04-16,124.32,1283.11,2735.02,28228.45,Apr-25
2025-04-17,124.32,1283.11,2735.02,28228.45,Apr-25
2025-04-18,124.32,1283.11,2735.02,28228.45,Apr-25
2025-04-21,124.32,1283.11,2735.02,28228.45,Apr-25
2025-04-22,124.32,1283.11,2735.02,28228.45,Apr-25
2025-04-23,124.32,1283.11,2735.02,28228.45,Apr-25
2025-04-24,124.32,1283.11,2735.02,28228.45,Apr-25
2025-04-25,124.32,1283.11,2735.02,28228.45,Apr-25
2025-04-28,124.32,1283.11,2735.02,28228.45,Apr-25
2025-04-29,124.32,1283.11,2735.02,28228.45,Apr-25
2025-04-30,124.32,1283.11,2735.02,28228.45,Apr-25
2025-05-01,535.15,3074.65,11773.25,67642.34,May-25
2025-05-02,535.15,3074.65,11773.25,67642.34,May-25
2025-05-05,535.15,3074.65,11773.25,67642.34,May-25
2025-05-06,535.15,3074.65,11773.25,67642.34,May-25
2025-05-07,535.15,3074.65,11773.25,67642.34,May-25
2025-05-08,535.15,3074.65,11773.25,67642.34,May-25
2025-05-09,535.15,3074.65,11773.25,67642.34,May-25
2025-05-12,535.15,3074.65,11773.25,67642.34,May-25
2025-05-13,535.15,3074.65,11773.25,67642.34,May-25
2025-05-14,535.15,3074.65,11773.25,67642.34,May-25
2025-05-15,535.15,3074.65,11773.25,67642.34,May-25
2025-05-16,535.15,3074.65,11773.25,67642.34,May-25
2025-05-19,535.15,3074.65,11773.25,67642.34,May-25
2025-05-20,535.15,3074.65,11773.25,67642.34,May-25
2025-05-21,535.15,3074.65,11773.25,67642.34,May-25
2025-05-22,535.15,3074.65,11773.25,67642.34,May-25
2025-05-23,535.15,3074.65,11773.25,67642.34,May-25
2025-05-26,535.15,3074.65,11773.25,67642.34,May-25
2025-05-27,535.15,3074.65,11773.25,67642.34,May-25
2025-05-28,535.15,3074.65,11773.25,67642.34,May-25
2025-05-29,535.15,3074.65,11773.25,67642.34,May-25
2025-05-30,535.15,3074.65,11773.25,67642.34,May-25
2025-06-02,356.62,3460.66,7488.98,72673.91,Jun-25
2025-06-03,356.62,3460.66,7488.98,72673.91,Jun-25
2025-06-04,356.62,3460.66,7488.98,72673.91,Jun-25
2025-06-05,356.62,3460.66,7488.98,72673.91,Jun-25
2025-06-06,356.62,3460.66,7488.98,72673.91,Jun-25
2025-06-09,356.62,3460.66,7488.98,72673.91,Jun-25
2025-06-10,356.62,3460.66,7488.98,72673.91,Jun-25
2025-06-11,356.62,3460.66,7488.98,72673.91,Jun-25
2025-06-12,356.62,3460.66,7488.98,72673.91,Jun-25
2025-06-13,356.62,3460.66,7488.98,72673.91,Jun-25
2025-06-16,356.62,3460.66,7488.98,72673.91,Jun-25
2025-06-17,356.62,3460.66,7488.98,72673.91,Jun-25
2025-06-18,356.62,3460.66,7488.98,72673.91,Jun-25
2025-06-19,356.62,3460.66,7488.98,72673.91,Jun-25
2025-06-20,356.62,3460.66,7488.98,72673.91,Jun-25
2025-06-23,356.62,3460.66,7488.98,72673.91,Jun-25
2025-06-24,356.62,3460.66,7488.98,72673.91,Jun-25
2025-06-25,356.62,3460.66,7488.98,72673.91,Jun-25
2025-06-26,356.62,3460.66,7488.98,72673.91,Jun-25
2025-06-27,356.62,3460.66,7488.98,72673.91,Jun-25
2025-06-30,356.62,3460.66,7488.98,72673.91,Jun-25
2025-07-01,-2072.46,2649.53,-47666.68,60939.16,Jul-25
2025-07-02,-2072.46,2649.53,-47666.68,60939.16,Jul-25
2025-07-03,-2072.46,2649.53,-47666.68,60939.16,Jul-25
2025-07-04,-2072.46,2649.53,-47666.68,60939.16,Jul-25
2025-07-07,-2072.46,2649.53,-47666.68,60939.16,Jul-25
2025-07-08,-2072.46,2649.53,-47666.68,60939.16,Jul-25
2025-07-09,-2072.46,2649.53,-47666.68,60939.16,Jul-25
2025-07-10,-2072.46,2649.53,-47666.68,60939.16,Jul-25
2025-07-11,-2072.46,2649.53,-47666.68,60939.16,Jul-25
2025-07-14,-2072.46,2649.53,-47666.68,60939.16,Jul-25
2025-07-15,-2072.46,2649.53,-47666.68,60939.16,Jul-25
2025-07-16,-2072.46,2649.53,-47666.68,60939.16,Jul-25
2025-07-17,-2072.46,2649.53,-47666.68,60939.16,Jul-25
2025-07-18,-2072.46,2649.53,-47666.68,60939.16,Jul-25
2025-07-21,-2072.46,2649.53,-47666.68,60939.16,Jul-25
2025-07-22,-2072.46,2649.53,-47666.68,60939.16,Jul-25
2025-07-23,-2072.46,2649.53,-47666.68,60939.16,Jul-25
2025-07-24,-2072.46,2649.53,-47666.68,60939.16,Jul-25
2025-07-25,-2072.46,2649.53,-47666.68,60939.16,Jul-25
2025-07-28,-2072.46,2649.53,-47666.68,60939.16,Jul-25
2025-07-29,-2072.46,2649.53,-47666.68,60939.16,Jul-25
2025-07-30,-2072.46,2649.53,-47666.68,60939.16,Jul-25
2025-07-31,-2072.46,2649.53,-47666.68,60939.16,Jul-25
2025-08-01,-2233.47,4515.65,-46902.92,94828.55,Aug-25
2025-08-04,-2233.47,4515.65,-46902.92,94828.55,Aug-25
2025-08-05,-2233.47,4515.65,-46902.92,94828.55,Aug-25
2025-08-06,-2233.47,4515.65,-46902.92,94828.55,Aug-25
2025-08-07,-2233.47,4515.65,-46902.92,94828.55,Aug-25
2025-08-08,-2233.47,4515.65,-46902.92,94828.55,Aug-25
2025-08-11,-2233.47,4515.65,-46902.92,94828.55,Aug-25
2025-08-12,-2233.47,4515.65,-46902.92,94828.55,Aug-25
2025-08-13,-2233.47,4515.65,-46902.92,94828.55,Aug-25
2025-08-14,-2233.47,4515.65,-46902.92,94828.55,Aug-25
2025-08-15,-2233.47,4515.65,-46902.92,94828.55,Aug-25
2025-08-18,-2233.47,4515.65,-46902.92,94828.55,Aug-25
2025-08-19,-2233.47,4515.65,-46902.92,94828.55,Aug-25
2025-08-20,-2233.47,4515.65,-46902.92,94828.55,Aug-25
2025-08-21,-2233.47,4515.65,-46902.92,94828.55,Aug-25
2025-08-22,-2233.47,4515.65,-46902.92,94828.55,Aug-25
2025-08-25,-2233.47,4515.65,-46902.92,94828.55,Aug-25
2025-08-26,-2233.47,4515.65,-46902.92,94828.55,Aug-25
2025-08-27,-2233.47,4515.65,-46902.92,94828.55,Aug-25
2025-08-28,-2233.47,4515.65,-46902.92,94828.55,Aug-25
2025-08-29,-2233.47,4515.65,-46902.92,94828.55,Aug-25
2025-09-01,-1604.61,2970.16,-35301.36,65343.59,Sep-25
2025-09-02,-1604.61,2970.16,-35301.36,65343.59,Sep-25
2025-09-03,-1604.61,2970.16,-35301.36,65343.59,Sep-25
2025-09-04,-1604.61,2970.16,-35301.36,65343.59,Sep-25
2025-09-05,-1604.61,2970.16,-35301.36,65343.59,Sep-25
2025-09-08,-1604.61,2970.16,-35301.36,65343.59,Sep-25
2025-09-09,-1604.61,2970.16,-35301.36,65343.59,Sep-25
2025-09-10,-1604.61,2970.16,-35301.36,65343.59,Sep-25
2025-09-11,-1604.61,2970.16,-35301.36,65343.59,Sep-25
2025-09-12,-1604.61,2970.16,-35301.36,65343.59,Sep-25
2025-09-15,-1604.61,2970.16,-35301.36,65343.59,Sep-25
2025-09-16,-1604.61,2970.16,-35301.36,65343.59,Sep-25
2025-09-17,-1604.61,2970.16,-35301.36,65343.59,Sep-25
2025-09-18,-1604.61,2970.16,-35301.36,65343.59,Sep-25
2025-09-19,-1604.61,2970.16,-35301.36,65343.59,Sep-25
2025-09-22,-1604.61,2970.16,-35301.36,65343.59,Sep-25
2025-09-23,-1604.61,2970.16,-35301.36,65343.59,Sep-25
2025-09-24,-1604.61,2970.16,-35301.36,65343.59,Sep-25
2025-09-25,-1604.61,2970.16,-35301.36,65343.59,Sep-25
2025-09-26,-1604.61,2970.16,-35301.36,65343.59,Sep-25
2025-09-29,-1604.61,2970.16,-35301.36,65343.59,Sep-25
2025-09-30,-1604.61,2970.16,-35301.36,65343.59,Sep-25
2025-10-01,-102.04,2295.39,-2346.89,52794.02,Oct-25
2025-10-02,-102.04,2295.39,-2346.89,52794.02,Oct-25
2025-10-03,-102.04,2295.39,-2346.89,52794.02,Oct-25
2025-10-06,-102.04,2295.39,-2346.89,52794.02,Oct-25
2025-10-07,-102.04,2295.39,-2346.89,52794.02,Oct-25
2025-10-08,-102.04,2295.39,-2346.89,52794.02,Oct-25
2025-10-09,-102.04,2295.39,-2346.89,52794.02,Oct-25
2025-10-10,-102.04,2295.39,-2346.89,52794.02,Oct-25
2025-10-13,-102.04,2295.39,-2346.89,52794.02,Oct-25
2025-10-14,-102.04,2295.39,-2346.89,52794.02,Oct-25
2025-10-15,-102.04,2295.39,-2346.89,52794.02,Oct-25
2025-10-16,-102.04,2295.39,-2346.89,52794.02,Oct-25
2025-10-17,-102.04,2295.39,-2346.89,52794.02,Oct-25
2025-10-20,-102.04,2295.39,-2346.89,52794.02,Oct-25
2025-10-21,-102.04,2295.39,-2346.89,52794.02,Oct-25
2025-10-22,-102.04,2295.39,-2346.89,52794.02,Oct-25
2025-10-23,-102.04,2295.39,-2346.89,52794.02,Oct-25
2025-10-24,-102.04,2295.39,-2346.89,52794.02,Oct-25
2025-10-27,-102.04,2295.39,-2346.89,52794.02,Oct-25
2025-10-28,-102.04,2295.39,-2346.89,52794.02,Oct-25
2025-10-29,-102.04,2295.39,-2346.89,52794.02,Oct-25
2025-10-30,-102.04,2295.39,-2346.89,52794.02,Oct-25
2025-10-31,-102.04,2295.39,-2346.89,52794.02,Oct-25
2025-11-03,-875.02,3854.19,-17500.31,77083.78,Nov-25
2025-11-04,-875.02,3854.19,-17500.31,77083.78,Nov-25
2025-11-05,-875.02,3854.19,-17500.31,77083.78,Nov-25
2025-11-06,-875.02,3854.19,-17500.31,77083.78,Nov-25
2025-11-07,-875.02,3854.19,-17500.31,77083.78,Nov-25
2025-11-10,-875.02,3854.19,-17500.31,77083.78,Nov-25
2025-11-11,-875.02,3854.19,-17500.31,77083.78,Nov-25
2025-11-12,-875.02,3854.19,-17500.31,77083.78,Nov-25
2025-11-13,-875.02,3854.19,-17500.31,77083.78,Nov-25
2025-11-14,-875.02,3854.19,-17500.31,77083.78,Nov-25
2025-11-17,-875.02,3854.19,-17500.31,77083.78,Nov-25
2025-11-18,-875.02,3854.19,-17500.31,77083.78,Nov-25
2025-11-19,-875.02,3854.19,-17500.31,77083.78,Nov-25
2025-11-20,-875.02,3854.19,-17500.31,77083.78,Nov-25
2025-11-21,-875.02,3854.19,-17500.31,77083.78,Nov-25
2025-11-24,-875.02,3854.19,-17500.31,77083.78,Nov-25
2025-11-25,-875.02,3854.19,-17500.31,77083.78,Nov-25
2025-11-26,-875.02,3854.19,-17500.31,77083.78,Nov-25
2025-11-27,-875.02,3854.19,-17500.31,77083.78,Nov-25
2025-11-28,-875.02,3854.19,-17500.31,77083.78,Nov-25
2025-12-01,-1493.46,3461.74,-34349.62,79619.91,Dec-25
2025-12-02,-1493.46,3461.74,-34349.62,79619.91,Dec-25
2025-12-03,-1493.46,3461.74,-34349.62,79619.91,Dec-25
2025-12-04,-1493.46,3461.74,-34349.62,79619.91,Dec-25
2025-12-05,-1493.46,3461.74,-34349.62,79619.91,Dec-25
2025-12-08,-1493.46,3461.74,-34349.62,79619.91,Dec-25
2025-12-09,-1493.46,3461.74,-34349.62,79619.91,Dec-25
2025-12-10,-1493.46,3461.74,-34349.62,79619.91,Dec-25
2025-12-11,-1493.46,3461.74,-34349.62,79619.91,Dec-25
2025-12-12,-1493.46,3461.74,-34349.62,79619.91,Dec-25
2025-12-15,-1493.46,3461.74,-34349.62,79619.91,Dec-25
2025-12-16,-1493.46,3461.74,-34349.62,79619.91,Dec-25
2025-12-17,-1493.46,3461.74,-34349.62,79619.91,Dec-25
2025-12-18,-1493.46,3461.74,-34349.62,79619.91,Dec-25
2025-12-19,-1493.46,3461.74,-34349.62,79619.91,Dec-25
2025-12-22,-1493.46,3461.74,-34349.62,79619.91,Dec-25
2025-12-23,-1493.46,3461.74,-34349.62,79619.91,Dec-25
2025-12-24,-1493.46,3461.74,-34349.62,79619.91,Dec-25
2025-12-25,-1493.46,3461.74,-34349.62,79619.91,Dec-25
2025-12-26,-1493.46,3461.74,-34349.62,79619.91,Dec-25
2025-12-29,-1493.46,3461.74,-34349.62,79619.91,Dec-25
2025-12-30,-1493.46,3461.74,-34349.62,79619.91,Dec-25
2025-12-31,-1493.46,3461.74,-34349.62,79619.91,Dec-25
2026-01-01,-1883.42,3146.4,-41435.22,69220.74,Jan-26
2026-01-02,-1883.42,3146.4,-41435.22,69220.74,Jan-26
2026-01-05,-1883.42,3146.4,-41435.22,69220.74,Jan-26
2026-01-06,-1883.42,3146.4,-41435.22,69220.74,Jan-26
2026-01-07,-1883.42,3146.4,-41435.22,69220.74,Jan-26
2026-01-08,-1883.42,3146.4,-41435.22,69220.74,Jan-26
2026-01-09,-1883.42,3146.4,-41435.22,69220.74,Jan-26
2026-01-12,-1883.42,3146.4,-41435.22,69220.74,Jan-26
2026-01-13,-1883.42,3146.4,-41435.22,69220.74,Jan-26
2026-01-14,-1883.42,3146.4,-41435.22,69220.74,Jan-26
2026-01-15,-1883.42,3146.4,-41435.22,69220.74,Jan-26
2026-01-16,-1883.42,3146.4,-41435.22,69220.74,Jan-26
2026-01-19,-1883.42,3146.4,-41435.22,69220.74,Jan-26
2026-01-20,-1883.42,3146.4,-41435.22,69220.74,Jan-26
2026-01-21,-1883.42,3146.4,-41435.22,69220.74,Jan-26
2026-01-22,-1883.42,3146.4,-41435.22,69220.74,Jan-26
2026-01-23,-1883.42,3146.4,-41435.22,69220.74,Jan-26
2026-01-26,-1883.42,3146.4,-41435.22,69220.74,Jan-26
2026-01-27,-1883.42,3146.4,-41435.22,69220.74,Jan-26
2026-01-28,-1883.42,3146.4,-41435.22,69220.74,Jan-26
2026-01-29,-1883.42,3146.4,-41435.22,69220.74,Jan-26
2026-01-30,-1883.42,3146.4,-41435.22,69220.74,Jan-26
2026-02-02,-332.04,1921.16,-6640.78,38423.11,Feb-26
2026-02-03,-332.04,1921.16,-6640.78,38423.11,Feb-26
2026-02-04,-332.04,1921.16,-6640.78,38423.11,Feb-26
2026-02-05,-332.04,1921.16,-6640.78,38423.11,Feb-26
2026-02-06,-332.04,1921.16,-6640.78,38423.11,Feb-26
2026-02-09,-332.04,1921.16,-6640.78,38423.11,Feb-26
2026-02-10,-332.04,1921.16,-6640.78,38423.11,Feb-26
2026-02-11,-332.04,1921.16,-6640.78,38423.11,Feb-26
2026-02-12,-332.04,1921.16,-6640.78,38423.11,Feb-26
2026-02-13,-332.04,1921.16,-6640.78,38423.11,Feb-26
2026-02-16,-332.04,1921.16,-6640.78,38423.11,Feb-26
2026-02-17,-332.04,1921.16,-6640.78,38423.11,Feb-26
2026-02-18,-332.04,1921.16,-6640.78,38423.11,Feb-26
2026-02-19,-332.04,1921.16,-6640.78,38423.11,Feb-26
2026-02-20,-332.04,1921.16,-6640.78,38423.11,Feb-26
2026-02-23,-332.04,1921.16,-6640.78,38423.11,Feb-26
2026-02-24,-332.04,1921.16,-6640.78,38423.11,Feb-26
2026-02-25,-332.04,1921.16,-6640.78,38423.11,Feb-26
2026-02-26,-332.04,1921.16,-6640.78,38423.11,Feb-26
2026-02-27,-332.04,1921.16,-6640.78,38423.11,Feb-26
