roe,roa,debt_to_equity,current_ratio,operating_margin,net_margin,gross_margin,revenue_ttm,net_income,free_cash_flow,pe_ratio,market_cap,perf_1w,perf_1m,perf_3m,perf_6m,perf_ytd,perf_1y,ticker,nse_symbol,fetched_at
16.5114565896429,2.00398392148607,0.617744793240613,,24.5484763718905,,,34287629558.626003,,,,,-0.2466091245376079,-9.372666168782674,-11.552478134110787,-11.571813743350576,-9.703102909442674,-8.728517167462673,ICICIBANK.NS,ICICIBANK,2026-04-06
15.5299059274011,1.10079514550546,1.15771826398582,,15.7919331931893,,,77020243177.446,,,,,0.6666666666666712,-13.418913136499784,0.3720422640011905,16.716658975542234,2.8986981285598046,29.85496085226544,SBIN.NS,SBIN,2026-04-06
,,,,23.3522353637589,,,12526900426.52,,,,,-2.2714681440443183,-12.608372553876636,-19.89464601970846,-17.046790500822947,-20.180995475113118,-17.21807686892862,KOTAKBANK.NS,KOTAKBANK,2026-04-06
13.5914629544528,1.55356358859956,1.26346341202664,,21.6988361600797,,,18164620242.600002,,,,,2.9364610581385695,-9.435783221974752,-6.492411467116344,3.3725955427506302,-3.9448818897637725,12.797041146555719,AXISBANK.NS,AXISBANK,2026-04-06
,,,,16.7695142008287,,,3712676536.994,,,,,-1.1007462686567122,-7.454608938547474,0.39772727272727704,32.19451371571073,-0.9714178965066191,35.43689320388351,FEDERALBNK.NS,FEDERALBNK,2026-04-06
,,0.602111271365882,,-5.02006968443171,,,6594791723.054,,,,,-1.235595390524965,-17.50267379679144,-14.103563474387526,3.252794324342423,-10.872956265526605,10.035663338088447,INDUSINDBK.NS,INDUSINDBK,2026-04-06
4.08238541033435,0.530117145563625,0.403347947389398,,5.25851449454086,,,2882070519.526,,,,,0.8074449158341364,-20.582210242587607,-0.4594594594594641,-10.715151515151518,0.8764721993974262,-6.463492063492068,BANDHANBNK.NS,BANDHANBNK,2026-04-06
42.7951945541868,26.613940024374,0.0953316477107542,2.4819578171143,24.0615486077561,,,29878014480.0,,,,,3.3261757399688436,-4.583981337480563,-23.548286604361376,-17.509243697478993,-23.667185069984452,-27.01778385772914,TCS.NS,TCS,2026-04-06
32.6550625153224,19.7772828507795,0.105942716739335,1.79222573797413,20.5713361782726,,,19073089800.0,,,,,4.76,0.49884881043745205,-18.16136491469283,-10.123541523678792,-18.936486319177916,-10.338925025676138,INFY.NS,INFY,2026-04-06
23.0614046148027,15.1748551516241,0.09744989643204979,2.53692810457516,17.5390992729948,,,13697776100.0,,,,,4.3555555555555525,3.89380530973451,-11.966506280072487,-1.7024839519955408,-13.192433298416423,-2.7743271221532124,HCLTECH.NS,HCLTECH,2026-04-06
,,,,11.7438542322394,,,6200690866.0,,,,,5.043478260869558,8.992481203007513,-9.620300517488632,1.2219817051881852,-8.887492143306103,7.377777777777771,TECHM.NS,TECHM,2026-04-06
,,,,16.066483028175,,,1397068663.3400002,,,,,8.970133882595263,13.813355132948981,-14.724371373307543,0.5416191562143672,-15.823389021479713,11.378947368421052,PERSISTENT.NS,PERSISTENT,2026-04-06
,,,,19.9108745548406,,,2355661748.4,,,,,-0.10970464135020713,-5.303999999999997,-10.257771038665654,1.1709401709401748,-8.453209590100538,5.971351835273057,NESTLEIND.NS,NESTLEIND,2026-04-06
,,,,15.0430237456574,,,1456514004.2,,,,,-1.3413173652694665,-15.246913580246916,-20.39041360649401,-15.072164948453612,-18.43564356435644,-11.779824373527523,DABUR.NS,DABUR,2026-04-06
,,,,18.4641484929551,,,1680909215.8000002,,,,,0.6161616161616185,-12.036382903567649,-19.92765273311897,-12.622807017543858,-18.685714285714283,-14.82684908080376,GODREJCP.NS,GODREJCP,2026-04-06
,,,,15.9209717097171,,,1257965000.0,,,,,1.1907983761840264,-4.10361631187484,-3.6340206185567068,5.323943661971825,-0.9536423841059662,13.492183942935192,MARICO.NS,MARICO,2026-04-06
,,,,10.3043766179657,,,2054775243.6000001,,,,,-1.2803234501347667,-8.363863819140374,-13.247610185263508,-7.778776978417266,-13.968120805369127,-3.7495893753812983,TATACONSUM.NS,TATACONSUM,2026-04-06
,,,,14.7067189976776,,,18392743711.4,,,,,-0.040268456375832824,-10.141779788838608,-21.362196409714887,-14.891428571428568,-20.03221476510067,13.91422398133809,M&M.NS,M&M,2026-04-06
,,,,12.8939703536514,,,4782258680.400001,,,,,-0.4340962904498816,-9.42380183091007,-16.039933444259567,-10.085531004989308,-12.56281407035176,34.741451821786676,HEROMOTOCO.NS,HEROMOTOCO,2026-04-06
,,,,20.9096008698819,,,2197217838.6,,,,,-1.8720748829953198,-14.5933014354067,-12.104072398190045,-5.066839154808107,-9.73759737597376,23.42668124351751,EICHERMOT.NS,EICHERMOT,2026-04-06
,,,,17.2163819458369,,,5673422150.0,,,,,-7.28185812931577,-27.058126327226045,-21.37343625232899,4.900568181818166,-17.573525308331945,41.34647590793816,ASHOKLEY.NS,ASHOKLEY,2026-04-06
,,,,4.81038952717746,,,13256247938.0,,,,,0.8419083255378779,-14.67468735159095,-11.935299403643494,2.9608404966571102,-10.465116279069775,25.8367017121881,MOTHERSON.NS,MOTHERSON,2026-04-06
,,,,23.8737321791284,,,6102968634.200001,,,,,-6.531229012760244,-6.410759316335113,-3.2218809758359006,1.5258358662613927,-2.9011627906976796,-6.113500295134497,SUNPHARMA.NS,SUNPHARMA,2026-04-06
,,0.181896306322274,1.87953382603752,17.925518533619,,,3809410570.0,,,,,-5.090909090909098,-8.595355919299589,-3.952000000000007,-3.821196827685656,-5.464566929133865,4.236846674769922,DRREDDY.NS,DRREDDY,2026-04-06
,,,,15.3780710303762,,,3674770868.6000004,,,,,2.2461538461538497,8.514980814760385,9.85123966942149,21.777370590929916,11.697478991596642,12.93118096856415,AUROPHARMA.NS,AUROPHARMA,2026-04-06
,,,,23.2237242117742,,,2601136942.8,,,,,-3.631513273955514,-4.327210593763357,7.4918410443463195,15.884513892482008,5.946073793755905,7.165243187636069,LUPIN.NS,LUPIN,2026-04-06
,,,,19.6134461160164,,,1558910014.8000002,,,,,-3.498501958976727,-0.03819709702063512,3.0568545409795673,6.8163265306122405,2.930186823992129,35.486167286846786,GLENMARK.NS,GLENMARK,2026-04-06
,,,,11.9351167539247,,,112669196400.0,,,,,-2.5093632958801497,-6.802721088435374,-17.049075844486936,-6.015309069901789,-17.296816419902143,4.866650551929747,RELIANCE.NS,RELIANCE,2026-04-06
,,,,11.0471192387103,,,71591569726.58,,,,,-0.14146772767461618,0.8572959457046023,18.58960897139738,14.520381261407426,17.206309672063103,17.371965414033927,ONGC.NS,ONGC,2026-04-06
,,,,21.8963187292014,,,16777031018.400002,,,,,3.055836422873827,1.662418264435332,7.412177985948472,18.975356679636832,14.949874686716788,15.820707070707066,COALINDIA.NS,COALINDIA,2026-04-06
,,,,8.85745445601879,,,25573844520.2,,,,,1.1979166666666725,-2.606516290726811,4.462365591397855,12.965116279069774,7.5858250276855035,27.30965797405321,TATASTEEL.NS,TATASTEEL,2026-04-06
,,,,9.81022729176088,,,19550999480.0,,,,,-1.0353982300884996,-9.865398565326032,-5.700311999325418,-3.4283246977547535,-3.884830253545341,8.330911556718009,JSWSTEEL.NS,JSWSTEEL,2026-04-06
,,,,9.98123813053829,,,27849589800.0,,,,,6.1015981735159865,-2.675392670157063,-0.69978632478632,20.707792207792213,4.656007206395678,44.100775193798455,HINDALCO.NS,HINDALCO,2026-04-06
,,,,19.9214223126714,,,17985505920.0,,,,,5.827398728845999,-2.9630669849740237,11.776124231640237,46.42932824751008,14.593698175787727,58.23219601557133,VEDL.NS,VEDL,2026-04-06
,,,,4.70279560189689,,,11991163441.2,,,,,6.682626538987695,0.3667953667953624,2.5443786982248553,17.46497966561229,6.029911624745075,32.650110563020924,SAIL.NS,SAIL,2026-04-06
,,,,29.5706278047118,,,2797423950.4,,,,,6.300653594771233,4.2564102564102475,-3.1328171530673132,6.300653594771233,-2.224359745100407,16.188026860980138,NMDC.NS,NMDC,2026-04-06
,,,,45.9075557265771,,,3495628461.2000003,,,,,2.5433962264150978,-8.750839489590327,-8.812080536912749,-2.908389309704162,-7.747148288973378,13.60367892976589,ADANIPORTS.NS,ADANIPORTS,2026-04-06
,,,,8.82659422770296,,,29887450972.800003,,,,,3.3714285714285714,-9.887920298879203,-12.8822537924392,-3.002680965147453,-11.54034229828851,6.411764705882353,LT.NS,LT,2026-04-06
,,,,18.9626213455556,,,21614332396.2,,,,,-4.224598930481286,-4.986737400530507,2.372106316090315,5.585851142225494,8.611279563371733,-0.18113417862617642,NTPC.NS,NTPC,2026-04-06
,,,,55.3549962708013,,,5262653865.2,,,,,-1.2155452833418974,-3.8173028838139653,8.458646616541353,-0.6371620458067927,9.238924649753871,-3.8333333333333335,POWERGRID.NS,POWERGRID,2026-04-06
,,,,14.0726231801148,,,7615640536.400001,,,,,-0.27559055118110537,1.319999999999997,-2.288800308602297,-2.9501915708812287,-0.013157894736845097,-1.0031266284523248,TATAPOWER.NS,TATAPOWER,2026-04-06
,,,,19.6858578275683,,,1210684239.2,,,,,2.2808174027686263,-2.8509412697750025,8.005011833495754,17.64943763427272,4.861455282721337,54.13245033112584,CUMMINSIND.NS,CUMMINSIND,2026-04-06
,,,,3.63621682195871,,,3290344956.0,,,,,-3.21150389454763,-5.550574936659524,-19.41802460924509,-1.037369818256072,-16.0103986135182,10.805743552222424,BHEL.NS,BHEL,2026-04-06
,,,,9.51574490605981,,,7064731440.0,,,,,6.9685438863521005,-0.7835294117647101,3.3580900556413464,21.378814047207825,3.7650417107562077,36.06647305582445,TITAN.NS,TITAN,2026-04-06
,,,,14.7728179964405,,,3962226988.0,,,,,-1.386537317530782,-4.7176902330105595,-23.581560283687942,-8.686440677966102,-22.367520443820023,-8.274453051843027,ASIANPAINT.NS,ASIANPAINT,2026-04-06
,,,,20.6143408347865,,,1535638247.4000003,,,,,-2.1479713603818684,-12.096272217995717,-15.716180371352785,-13.4785568413887,-14.347327987061126,-11.273996509598604,PIDILITIND.NS,PIDILITIND,2026-04-06
,,,,4.82468778829005,,,1800247382.0,,,,,-4.422927962819513,-16.628378378378372,-16.447724810400857,-9.743252139565492,-9.352042315603876,-8.32838038632986,VOLTAS.NS,VOLTAS,2026-04-06
25.8766562492317,16.125666635655,0.0210869318578316,1.8601623567761,12.8506251176594,,,2611423234.84,,,,,0.25210689332276887,-18.722261153935996,-10.229618163054695,-8.43421052631579,-8.61457649376231,33.74975975398809,POLYCAB.NS,POLYCAB,2026-04-06
27.4231900522922,5.80928594703853,3.9102270444245604,73.8178275793827,46.5861768386684,,,2366580650.56,,,,,0.24459078080903676,-3.2416235358212995,-19.068354430379742,-1.57635467980295,-15.906878863606467,35.05703422053232,MUTHOOTFIN.NS,MUTHOOTFIN,2026-04-06
,,,,32.6923064150292,,,3025557951.0,,,,,-0.5197657393850592,-18.335336538461533,-23.442253521126755,-16.117283950617278,-20.397164782379466,-5.958477508650513,CHOLAFIN.NS,CHOLAFIN,2026-04-06
,,,,28.8202458036935,,,1171077532.98,,,,,3.160405485986877,-2.6814175885992793,-16.1415414444983,-11.13013698630137,-16.303821964199326,10.717638023722163,MANAPPURAM.NS,MANAPPURAM,2026-04-06
,,,,26.1627730247159,,,3261978137.8,,,,,2.7,-1.25,-4.889794406371546,-10.007010164738874,-4.845733345687015,-10.695652173913043,LICHSGFIN.NS,LICHSGFIN,2026-04-06
,,,,5.9640738484025,,,6946079011.0,,,,,14.788587848932679,16.96732026143791,22.878330129085416,3.9256678281068527,17.898176451986924,7.6774969915764135,DMART.NS,DMART,2026-04-06
,,,,3.63874717304264,,,930287936.4000001,,,,,7.548291233283804,-2.189189189189184,-6.174074074074069,-2.677679600461006,-4.403773584905656,41.533046538912785,NYKAA.NS,NYKAA,2026-04-06
,,,,-3.79143988124691,,,787544600.0,,,,,0.07056451612903684,-5.376036602802389,-25.69054569952841,-19.878934624697333,-23.573793209638925,19.28622927180966,PAYTM.NS,PAYTM,2026-04-06
